Date,Inlet Flow (m3/day),Treated Flow (m3/day),Inlet pH,Inlet TDS (mg/L),Inlet DO (mg/L),Inlet TSS (mg/L),Inlet BOD (mg/L),Inlet COD (mg/L),Treated pH,Treated TDS (mg/L),Treated DO (mg/L),Treated TSS (mg/L),Treated BOD (mg/L),Treated COD (mg/L),BOD Removal (%),COD Removal (%),Inlet Turbidity (NTU),Treated Turbidity (NTU),Turbidity Removal (%)
2022-09-26,96.6,92.2,6.88,556,0.53,160,255,520,6.87,509,2.92,9.9,9.9,52.5,96.1,89.9,52.8,5.4,89.7
2022-09-27,93.9,90.2,6.96,525,0.57,146,248,508,7.05,474,3.34,9.5,14.6,52.8,94.1,89.6,58.4,7.0,88.0
2022-09-28,97.1,94.5,6.91,545,1.09,156,278,520,6.95,487,2.38,7.9,12.3,46.0,95.6,91.2,46.8,2.4,94.9
2022-09-29,100.7,98.7,6.94,576,0.69,136,208,458,6.93,520,2.35,9.2,13.4,41.0,93.6,91.0,54.5,3.0,94.6
2022-09-30,93.3,89.3,6.95,545,0.88,131,290,479,6.94,494,1.63,9.9,12.3,67.7,95.8,85.9,51.2,5.2,89.9
2022-10-01,93.3,90.0,7.17,555,1.02,126,282,520,7.16,507,2.58,9.6,13.0,62.0,95.4,88.1,49.7,4.5,90.9
2022-10-02,100.8,98.3,7.03,554,0.42,156,265,469,7.11,493,3.06,5.9,11.8,42.3,95.5,91.0,48.4,3.0,93.8
2022-10-03,97.4,93.5,6.86,561,0.94,127,257,520,6.88,510,2.46,6.2,10.5,54.4,95.9,89.5,49.4,3.3,93.4
2022-10-04,92.1,89.3,7.05,565,0.87,142,282,520,7.02,500,3.56,11.8,14.2,52.4,95.0,89.9,36.7,4.0,89.0
2022-10-05,96.3,93.8,7.08,541,1.02,149,258,519,7.16,478,2.6,8.6,11.4,51.1,95.6,90.2,56.7,2.3,95.9
2022-10-06,92.0,89.3,6.98,516,0.59,165,252,441,6.91,471,2.76,10.6,13.4,50.0,94.7,88.7,41.2,3.4,91.9
2022-10-07,92.0,88.3,7.21,505,0.99,140,282,475,7.35,455,2.15,6.8,14.1,56.2,95.0,88.2,42.3,4.4,89.7
2022-10-08,94.9,91.5,6.99,576,0.66,167,290,512,7.17,520,2.81,5.9,11.5,59.6,96.0,88.4,44.5,3.6,91.8
2022-10-09,85.8,83.6,7.21,567,0.93,165,236,446,7.19,502,1.91,7.4,9.9,56.3,95.8,87.4,68.2,6.0,91.2
2022-10-10,86.5,83.8,7.13,562,0.76,132,265,477,7.26,509,2.98,8.8,19.3,52.3,92.7,89.0,45.2,4.2,90.7
2022-10-11,91.3,87.2,7.18,566,0.89,167,232,513,7.26,507,2.99,7.8,11.6,52.0,95.0,89.9,51.6,2.7,94.9
2022-10-12,89.4,87.1,6.9,534,0.78,145,265,459,6.93,483,3.24,12.3,14.6,60.5,94.5,86.8,34.5,3.1,91.0
2022-10-13,94.9,90.7,7.06,518,0.49,142,237,447,7.1,459,2.29,9.7,18.0,56.8,92.4,87.3,44.8,2.0,95.6
2022-10-14,89.7,87.3,7.04,506,0.3,145,278,408,7.14,461,2.76,13.6,15.1,53.8,94.6,86.8,41.6,1.4,96.7
2022-10-15,87.5,84.0,6.85,501,0.8,149,250,463,6.91,460,2.93,10.2,12.2,52.9,95.1,88.6,45.4,4.2,90.7
2022-10-16,99.5,97.4,7.2,574,0.73,143,252,509,7.11,508,2.88,4.0,12.8,55.9,94.9,89.0,40.1,2.5,93.8
2022-10-17,92.3,89.0,6.94,518,0.83,136,285,442,7.12,460,2.35,11.7,10.8,49.5,96.2,88.8,56.7,6.6,88.3
2022-10-18,93.5,90.1,6.96,566,0.73,137,234,476,7.05,514,1.74,5.8,15.3,59.6,93.5,87.5,45.1,3.5,92.2
2022-10-19,87.2,83.6,6.91,525,1.07,152,263,465,6.97,478,2.84,9.8,14.5,44.8,94.5,90.4,30.7,1.5,95.2
2022-10-20,90.8,87.4,7.15,508,0.8,147,235,446,7.17,463,2.64,7.5,11.7,50.0,95.0,88.8,45.5,4.7,89.7
2022-10-21,93.5,91.3,6.84,494,0.7,158,273,505,6.89,450,2.47,14.2,10.3,58.0,96.2,88.5,60.4,5.2,91.4
2022-10-22,88.1,86.3,7.14,509,0.82,150,284,520,7.27,454,3.01,12.6,9.6,44.4,96.6,91.5,52.1,3.8,92.8
2022-10-23,94.4,91.1,7.2,572,0.71,151,240,510,7.27,511,2.68,7.6,15.6,40.9,93.5,92.0,53.2,4.5,91.5
2022-10-24,90.3,87.2,7.13,490,0.78,159,199,440,7.21,433,2.17,9.0,13.3,53.7,93.3,87.8,47.4,3.6,92.5
2022-10-25,91.5,89.0,7.15,580,0.59,172,230,520,7.13,510,1.93,9.9,13.6,40.0,94.1,92.3,45.3,3.3,92.6
2022-10-26,90.1,88.0,7.16,496,0.77,173,290,506,7.2,452,2.25,11.3,10.9,43.1,96.2,91.5,36.9,1.2,96.9
2022-10-27,100.3,97.3,6.92,545,0.7,171,230,446,6.98,477,3.66,9.4,9.2,59.1,96.0,86.7,43.6,2.3,94.7
2022-10-28,92.4,89.2,7.25,515,0.6,163,279,432,7.35,477,2.99,6.9,15.5,51.6,94.4,88.1,40.7,4.7,88.4
2022-10-29,88.0,84.9,6.99,508,1.07,183,228,506,7.02,467,2.78,7.6,13.1,63.2,94.3,87.5,45.5,5.4,88.2
2022-10-30,95.8,93.1,7.04,477,0.61,157,226,467,7.16,439,2.63,9.3,15.4,43.8,93.2,90.6,46.4,4.2,90.9
2022-10-31,87.1,83.2,7.0,513,0.77,155,255,425,6.99,474,2.6,12.1,12.0,52.5,95.3,87.6,43.0,4.5,89.6
2022-11-01,93.0,90.3,7.12,477,0.65,185,252,452,7.18,426,3.17,10.3,12.4,56.3,95.1,87.5,41.0,3.1,92.5
2022-11-02,83.8,80.8,6.97,459,0.81,106,255,440,7.03,422,2.5,7.5,14.9,44.1,94.2,90.0,50.2,4.3,91.4
2022-11-03,86.4,84.2,7.06,516,0.58,146,236,422,7.03,453,2.93,10.8,14.9,61.2,93.7,85.5,37.0,3.3,91.0
2022-11-04,92.7,88.8,6.88,490,0.9,170,257,494,6.93,426,2.56,8.4,15.1,57.2,94.1,88.4,45.9,4.6,90.0
2022-11-05,94.9,92.0,7.21,563,1.08,165,254,483,7.24,516,3.48,11.3,12.2,40.6,95.2,91.6,40.7,4.1,90.0
2022-11-06,92.5,89.4,7.14,539,0.64,191,257,484,7.29,471,3.0,15.1,14.6,52.9,94.3,89.1,49.2,4.9,90.0
2022-11-07,91.2,88.5,7.01,560,0.95,151,219,482,7.04,520,3.2,8.5,15.9,56.2,92.7,88.3,53.1,1.3,97.6
2022-11-08,90.3,86.4,6.98,483,0.71,143,253,411,7.07,439,2.47,11.1,12.7,48.6,95.0,88.2,39.3,1.8,95.3
2022-11-09,85.3,82.7,7.14,508,1.0,144,219,422,7.13,464,3.12,7.6,11.7,41.7,94.7,90.1,32.4,3.7,88.5
2022-11-10,88.4,85.6,6.95,418,1.1,155,226,503,7.03,369,2.57,9.0,16.5,55.4,92.7,89.0,43.0,2.8,93.5
2022-11-11,89.4,86.6,7.07,491,0.73,175,225,448,7.1,447,2.74,9.4,11.3,70.4,95.0,84.3,47.8,1.8,96.3
2022-11-12,95.6,92.8,7.21,502,0.54,176,206,383,7.23,438,3.35,8.9,14.6,50.2,92.9,86.9,49.8,5.9,88.3
2022-11-13,92.6,90.0,6.94,502,0.91,149,190,449,7.17,461,2.28,15.0,12.8,65.4,93.3,85.4,53.4,6.7,87.5
2022-11-14,83.6,81.5,7.1,494,0.8,154,251,465,7.14,434,2.78,8.6,8.2,47.3,96.7,89.8,55.9,4.9,91.2
2022-11-15,92.3,88.8,7.09,496,0.85,140,210,458,7.14,452,2.88,10.6,15.9,54.9,92.4,88.0,45.2,3.3,92.7
2022-11-16,89.2,87.1,7.04,406,0.72,141,218,398,7.15,358,2.91,4.9,5.8,59.2,97.3,85.1,40.2,3.8,90.6
2022-11-17,87.9,85.1,6.98,499,0.64,166,207,510,6.99,436,2.52,10.3,7.8,53.1,96.2,89.6,45.4,3.0,93.4
2022-11-18,93.2,89.2,7.22,505,0.94,175,216,373,7.3,453,3.53,11.9,14.4,50.9,93.3,86.4,57.7,6.6,88.6
2022-11-19,94.9,90.8,6.97,531,0.82,138,210,436,7.06,467,2.18,8.1,14.4,58.9,93.1,86.5,47.3,4.8,89.9
2022-11-20,94.4,90.9,6.8,498,0.55,153,246,499,6.87,455,3.28,4.0,11.3,68.0,95.4,86.4,54.0,4.3,92.1
2022-11-21,86.9,84.7,7.14,481,0.87,146,206,452,7.34,425,3.19,9.2,13.4,55.5,93.5,87.7,42.6,0.9,97.8
2022-11-22,89.0,86.6,6.88,519,0.84,163,253,460,6.89,462,3.46,9.3,6.4,49.2,97.5,89.3,41.2,1.2,97.2
2022-11-23,91.6,89.3,7.15,407,0.72,143,240,383,7.3,367,2.06,11.0,14.8,51.7,93.8,86.5,43.9,3.0,93.3
2022-11-24,94.2,91.2,7.24,464,1.01,119,205,437,7.33,411,2.35,13.9,13.6,72.9,93.4,83.3,37.5,3.5,90.6
2022-11-25,88.0,85.0,7.14,454,0.68,166,221,420,7.25,405,3.3,8.4,12.9,54.3,94.2,87.1,40.4,1.5,96.2
2022-11-26,89.2,85.5,7.2,476,0.74,145,224,375,7.28,437,1.95,7.3,13.1,48.6,94.2,87.0,51.5,6.3,87.8
2022-11-27,85.2,82.1,7.33,405,0.89,146,230,453,7.4,356,2.06,6.6,14.3,44.3,93.8,90.2,70.1,5.6,92.0
2022-11-28,84.7,81.8,7.19,517,0.78,156,231,384,7.23,452,2.5,9.8,12.9,39.0,94.4,89.8,47.4,1.9,95.9
2022-11-29,93.1,89.1,7.1,465,0.56,155,214,388,7.19,413,2.78,10.4,8.1,56.0,96.2,85.6,50.6,3.6,92.8
2022-11-30,95.3,91.5,7.28,481,0.8,157,189,431,7.4,430,3.34,8.0,18.7,58.3,90.1,86.5,40.4,2.6,93.7
2022-12-01,89.2,86.5,7.3,477,0.71,123,221,407,7.32,430,2.63,11.1,16.1,50.1,92.7,87.7,46.1,5.3,88.4
2022-12-02,93.6,91.1,7.3,508,0.9,158,202,418,7.4,453,2.46,10.4,9.7,53.1,95.2,87.3,54.8,1.9,96.5
2022-12-03,90.8,89.0,6.98,407,0.79,119,147,401,7.04,373,2.82,9.4,12.1,44.1,91.8,89.0,55.8,2.2,96.1
2022-12-04,86.5,84.6,6.86,469,0.78,162,213,465,6.85,409,2.89,7.2,12.4,54.2,94.2,88.3,46.2,2.5,94.7
2022-12-05,90.6,88.0,6.97,500,0.61,167,188,369,6.95,447,2.88,8.2,15.8,57.0,91.6,84.6,43.9,5.4,87.8
2022-12-06,95.5,92.2,7.15,459,0.74,128,193,386,7.2,409,2.63,4.0,7.4,49.0,96.2,87.3,46.9,4.2,91.0
2022-12-07,88.8,86.2,7.07,430,0.92,155,202,423,7.19,390,1.92,9.8,11.7,66.4,94.2,84.3,46.5,4.3,90.7
2022-12-08,95.4,93.0,7.02,440,0.65,166,168,362,6.96,408,2.33,9.4,8.4,46.7,95.0,87.1,49.7,3.0,93.9
2022-12-09,77.7,74.5,7.13,445,0.77,142,203,359,7.2,400,3.27,9.7,12.3,55.4,93.9,84.6,44.3,1.9,95.8
2022-12-10,92.1,88.9,6.84,433,0.63,160,192,404,6.96,402,2.77,10.5,11.8,59.8,93.9,85.2,49.6,5.4,89.1
2022-12-11,88.9,86.8,7.07,449,0.59,105,179,432,7.05,398,2.57,10.2,13.2,52.6,92.6,87.8,29.1,3.5,87.9
2022-12-12,87.2,84.1,7.21,501,0.76,167,198,436,7.23,436,3.15,9.0,11.4,51.7,94.2,88.1,44.7,5.8,87.0
2022-12-13,88.8,86.0,7.13,432,0.8,150,160,398,7.22,380,2.25,9.4,11.0,42.1,93.1,89.4,39.5,1.5,96.3
2022-12-14,79.9,77.5,7.15,434,1.07,145,196,366,7.26,387,2.61,6.1,14.6,63.8,92.6,82.6,53.0,5.0,90.6
2022-12-15,87.3,83.7,7.27,463,0.7,165,204,402,7.4,411,2.76,8.0,14.2,51.9,93.0,87.1,44.0,3.8,91.3
2022-12-16,89.6,86.4,7.04,441,0.76,177,199,412,7.07,386,2.52,9.4,14.4,57.4,92.8,86.1,42.5,4.0,90.6
2022-12-17,94.2,90.8,6.96,403,0.58,157,208,399,6.97,361,2.74,7.6,12.5,58.4,94.0,85.4,39.3,2.0,95.0
2022-12-18,85.8,81.9,7.22,442,0.86,175,215,436,7.38,393,2.62,11.3,11.5,48.3,94.7,88.9,47.6,4.6,90.4
2022-12-19,84.4,80.7,7.21,439,0.83,125,188,345,7.23,385,2.14,7.8,12.7,51.7,93.2,85.0,41.2,3.0,92.7
2022-12-20,85.6,83.6,7.13,472,0.99,160,212,356,7.22,419,2.77,9.8,14.3,63.6,93.3,82.1,49.1,1.9,96.1
2022-12-21,91.5,88.0,7.03,408,0.94,147,186,426,7.22,376,2.17,9.6,7.3,44.5,96.1,89.6,36.5,3.2,91.1
2022-12-22,89.0,86.1,7.05,470,0.82,137,172,322,7.16,417,2.77,11.0,14.0,69.8,91.9,78.3,43.0,4.2,90.2
2022-12-23,85.3,82.1,6.87,434,0.7,119,178,358,6.98,396,3.25,11.4,13.8,47.4,92.2,86.8,53.2,2.7,95.0
2022-12-24,89.6,87.6,7.21,400,0.8,159,191,349,7.34,362,2.59,10.9,13.2,44.0,93.1,87.4,53.3,4.3,91.9
2022-12-25,87.7,84.4,7.2,392,0.75,164,207,314,7.29,351,2.23,4.5,12.6,54.2,93.9,82.7,44.6,2.3,94.8
2022-12-26,91.3,88.2,6.87,494,0.91,171,183,368,6.97,436,2.65,12.0,6.3,70.4,96.6,80.9,45.7,2.0,95.7
2022-12-27,84.2,82.3,7.17,426,0.89,168,168,404,7.21,380,2.37,12.8,11.9,38.3,92.9,90.5,49.3,2.2,95.5
2022-12-28,85.7,83.7,7.11,460,0.73,137,212,379,7.24,416,2.94,8.2,17.7,52.1,91.7,86.3,36.2,1.6,95.5
2022-12-29,85.4,81.9,6.91,374,0.55,170,150,403,6.99,340,2.64,9.8,13.0,56.9,91.3,85.9,37.7,2.5,93.4
2022-12-30,80.8,78.8,6.88,511,0.97,172,166,418,6.85,451,3.38,7.3,12.2,53.5,92.7,87.2,41.7,1.8,95.6
2022-12-31,88.1,85.1,7.1,454,0.86,145,197,353,7.18,398,3.17,4.8,13.0,56.2,93.4,84.1,47.6,2.2,95.4
2023-01-01,87.9,85.0,6.99,416,0.72,150,215,473,6.92,383,2.64,7.6,13.9,47.6,93.5,89.9,44.6,4.3,90.3
2023-01-02,86.7,83.1,7.3,413,0.85,135,187,352,7.4,370,2.99,8.1,14.7,48.5,92.1,86.2,46.9,4.9,89.5
2023-01-03,85.6,81.9,7.18,445,0.78,173,181,356,7.23,403,2.54,8.5,12.4,52.0,93.1,85.4,44.4,3.6,91.9
2023-01-04,80.6,78.4,7.12,442,0.97,125,169,335,7.29,397,2.71,7.1,14.1,44.4,91.7,86.7,55.5,4.9,91.1
2023-01-05,84.7,81.9,7.12,425,0.48,158,186,384,7.21,392,2.56,7.6,17.4,52.9,90.6,86.2,51.4,4.0,92.2
2023-01-06,84.9,82.1,7.24,418,0.71,140,176,350,7.35,377,3.01,9.3,15.6,50.2,91.1,85.7,43.2,2.0,95.4
2023-01-07,82.9,80.7,7.17,435,1.01,132,157,357,7.17,390,3.27,7.5,19.1,49.5,87.8,86.1,44.9,2.6,94.3
2023-01-08,85.6,83.4,7.12,370,0.85,120,165,351,7.22,342,3.02,10.6,11.3,55.7,93.2,84.1,44.0,4.1,90.7
2023-01-09,87.9,84.3,6.91,403,1.04,146,153,348,6.93,368,3.07,10.9,17.4,39.0,88.6,88.8,43.1,1.0,97.6
2023-01-10,94.0,91.2,7.48,370,0.59,129,171,363,7.4,340,3.07,14.8,10.9,51.4,93.6,85.8,50.9,3.6,93.0
2023-01-11,86.8,83.2,6.9,432,0.93,150,173,337,6.89,380,2.92,11.9,13.9,71.3,92.0,78.8,44.5,4.9,89.0
2023-01-12,87.1,84.8,7.01,389,0.92,178,203,338,7.07,356,2.24,9.9,14.9,44.7,92.7,86.8,46.3,2.6,94.3
2023-01-13,85.6,83.1,6.82,370,0.52,153,156,396,6.81,340,3.38,7.9,11.7,63.2,92.5,84.0,45.0,5.4,87.9
2023-01-14,77.8,76.1,7.13,384,0.73,181,164,340,7.19,346,3.42,10.0,13.2,53.6,92.0,84.2,45.4,1.6,96.4
2023-01-15,85.7,82.0,7.07,413,0.75,134,193,366,7.25,373,2.61,10.1,15.4,48.5,92.0,86.7,48.8,5.7,88.3
2023-01-16,86.0,82.2,7.16,400,0.53,129,204,314,7.26,363,2.55,8.1,11.2,42.9,94.5,86.3,42.1,1.5,96.5
2023-01-17,96.0,92.4,6.81,370,0.73,133,175,331,6.86,340,2.94,11.1,17.3,54.3,90.1,83.6,45.4,2.8,93.9
2023-01-18,84.8,81.5,7.21,370,0.9,148,159,300,7.12,340,2.92,6.1,9.4,64.5,94.1,78.5,45.6,4.0,91.2
2023-01-19,86.8,83.4,6.94,406,0.71,193,154,421,6.96,355,2.62,8.7,18.0,50.2,88.3,88.1,33.4,2.6,92.3
2023-01-20,85.3,83.4,7.03,384,0.81,123,140,401,7.12,356,2.2,10.6,15.6,52.6,88.9,86.9,53.2,3.6,93.2
2023-01-21,80.5,77.4,7.18,394,0.81,159,143,369,7.21,360,2.82,8.6,12.8,61.1,91.0,83.4,49.8,5.1,89.7
2023-01-22,90.2,86.7,7.09,396,0.77,138,164,430,7.23,359,2.92,8.8,12.0,55.9,92.7,87.0,41.4,3.8,90.7
2023-01-23,88.5,86.2,7.1,414,0.66,146,158,374,7.16,368,2.99,9.0,11.7,40.9,92.6,89.1,51.2,3.9,92.4
2023-01-24,88.6,85.6,7.16,426,0.87,129,174,335,7.29,374,2.84,7.4,12.6,54.0,92.8,83.9,37.6,1.7,95.5
2023-01-25,81.4,79.3,7.11,403,0.53,164,156,356,7.18,360,2.59,12.0,12.9,65.0,91.7,81.7,49.6,2.3,95.4
2023-01-26,91.0,87.1,7.0,387,0.77,149,145,395,7.05,352,3.1,7.0,16.3,52.9,88.8,86.6,34.1,2.4,93.0
2023-01-27,79.2,76.6,7.03,397,0.98,167,166,304,7.06,360,2.73,10.0,18.1,33.0,89.1,89.1,46.2,1.8,96.2
2023-01-28,87.5,83.7,7.08,385,0.7,152,211,300,7.08,343,2.51,10.3,13.5,56.2,93.6,81.3,36.9,3.1,91.5
2023-01-29,94.2,90.1,6.92,370,0.66,119,152,354,7.05,340,2.63,7.1,10.8,51.7,92.9,85.4,46.7,2.4,94.8
2023-01-30,80.8,79.0,7.19,429,0.88,167,161,314,7.22,394,2.0,9.5,11.6,38.9,92.8,87.6,43.5,5.0,88.6
2023-01-31,82.5,79.1,7.09,422,0.79,117,175,300,7.18,367,2.63,7.2,12.5,40.1,92.9,86.6,45.3,3.5,92.3
2023-02-01,85.3,82.6,7.06,457,0.88,120,145,300,7.09,409,2.98,12.5,10.3,60.8,92.9,79.7,40.8,1.7,95.8
2023-02-02,82.7,79.9,7.22,465,0.78,135,183,323,7.21,425,2.84,6.7,9.9,47.5,94.6,85.3,41.3,2.6,93.7
2023-02-03,78.3,75.4,7.03,370,0.41,135,140,336,7.13,340,3.31,7.8,18.5,46.1,86.8,86.3,38.8,2.0,94.9
2023-02-04,85.0,83.1,7.02,380,0.95,172,147,337,7.04,345,2.59,6.5,13.8,52.9,90.6,84.3,44.4,5.1,88.6
2023-02-05,80.3,76.7,6.98,471,1.08,147,149,414,7.02,424,2.89,6.2,10.8,48.2,92.8,88.4,44.3,1.8,95.9
2023-02-06,86.7,84.2,7.1,388,0.96,169,158,324,7.08,360,3.02,13.0,15.1,54.0,90.4,83.3,43.7,2.6,93.9
2023-02-07,80.8,79.1,7.09,397,0.3,140,140,343,7.12,346,3.64,10.5,9.9,51.6,92.9,85.0,47.5,3.9,91.7
2023-02-08,91.1,88.3,6.96,370,0.84,155,182,300,7.02,340,2.76,9.6,10.2,43.8,94.4,85.4,46.3,5.4,88.3
2023-02-09,81.3,79.6,7.03,393,0.7,157,162,330,7.07,344,2.28,7.8,10.9,49.2,93.3,85.1,38.5,3.9,89.9
2023-02-10,83.2,79.6,6.96,449,0.61,161,177,344,7.07,394,3.04,11.4,17.3,56.7,90.2,83.5,38.7,4.1,89.5
2023-02-11,88.0,84.9,6.95,428,0.79,142,187,300,7.02,382,3.45,7.4,12.3,53.5,93.4,82.2,46.7,3.6,92.3
2023-02-12,79.3,76.3,6.81,370,0.75,143,140,300,7.05,340,2.57,11.1,6.7,52.6,95.2,82.5,51.3,2.2,95.7
2023-02-13,85.4,83.2,7.02,374,0.85,145,140,349,7.1,347,3.04,7.3,16.1,68.3,88.5,80.4,52.5,3.8,92.8
2023-02-14,90.0,88.1,6.81,370,0.78,123,176,307,6.8,342,3.19,7.8,12.2,58.9,93.1,80.8,45.9,1.5,96.8
2023-02-15,77.7,74.7,6.99,370,0.6,148,146,325,7.03,340,3.11,11.0,8.2,59.8,94.4,81.6,50.1,3.2,93.6
2023-02-16,85.2,82.8,6.96,370,0.68,143,140,350,7.02,340,2.75,11.3,12.2,51.9,91.3,85.2,48.9,4.9,90.0
2023-02-17,85.5,82.1,7.2,382,0.66,159,164,410,7.22,344,2.42,10.7,14.4,54.9,91.2,86.6,45.5,5.2,88.6
2023-02-18,87.7,85.0,6.91,433,0.51,151,203,319,6.97,397,2.67,6.9,14.1,49.8,93.1,84.4,43.5,4.1,90.6
2023-02-19,79.2,76.5,6.94,396,0.56,171,149,398,6.96,359,2.88,8.3,17.7,59.3,88.1,85.1,48.9,4.8,90.2
2023-02-20,78.8,77.2,7.0,428,0.74,151,171,300,7.08,372,3.06,9.7,10.8,52.3,93.7,82.6,37.6,2.5,93.4
2023-02-21,86.5,84.0,6.97,418,0.98,141,140,333,6.91,382,2.83,7.3,13.1,54.9,90.6,83.5,66.0,7.3,89.0
2023-02-22,85.6,82.5,7.24,370,0.69,150,140,314,7.37,340,2.55,12.5,11.2,54.5,92.0,82.6,35.7,1.0,97.2
2023-02-23,85.4,81.8,6.89,370,0.66,161,170,306,6.86,340,2.92,4.0,9.0,53.1,94.7,82.6,41.5,1.0,97.5
2023-02-24,85.8,82.2,7.0,370,0.59,121,162,353,7.04,341,3.04,7.5,15.3,76.1,90.6,78.4,37.5,1.7,95.6
2023-02-25,81.5,78.3,7.1,370,0.77,138,141,318,7.11,342,2.85,8.1,14.2,48.0,89.9,84.9,45.0,1.6,96.4
2023-02-26,85.3,82.0,7.17,385,0.95,138,186,300,7.25,347,2.37,4.0,13.7,47.9,92.6,84.0,44.0,2.2,95.0
2023-02-27,85.5,83.5,7.0,370,1.07,156,140,300,7.05,340,2.63,6.1,14.1,58.6,89.9,80.5,54.8,4.4,92.0
2023-02-28,81.3,78.8,6.78,402,0.81,158,140,355,6.86,373,3.08,10.7,11.2,48.6,92.0,86.3,48.3,3.4,93.0
2023-03-01,92.2,89.2,7.03,386,0.79,151,140,300,7.16,342,2.15,9.4,10.4,50.9,92.6,83.0,39.0,3.6,90.7
2023-03-02,86.3,82.7,7.24,399,0.69,110,143,357,7.35,354,1.86,12.9,13.1,44.7,90.8,87.5,40.6,4.2,89.6
2023-03-03,79.3,77.5,7.09,417,0.71,123,181,332,7.15,367,3.3,12.9,16.0,57.0,91.2,82.8,47.5,4.7,90.2
2023-03-04,87.1,84.7,7.08,390,0.86,146,152,320,7.17,360,2.9,10.3,17.2,57.1,88.7,82.2,52.4,5.9,88.8
2023-03-05,80.2,76.8,6.9,436,0.72,141,147,324,7.08,398,2.94,10.0,15.1,50.7,89.7,84.4,41.7,3.7,91.0
2023-03-06,87.7,85.3,6.89,404,0.75,150,140,348,7.0,354,2.27,9.5,13.1,58.8,90.6,83.1,64.5,6.2,90.3
2023-03-07,89.2,86.4,7.05,370,0.77,142,174,300,7.09,343,3.0,4.0,13.7,38.7,92.1,87.1,36.4,4.1,88.6
2023-03-08,80.9,77.4,6.85,377,0.68,174,140,329,6.99,344,2.81,6.1,13.0,47.7,90.7,85.5,47.9,4.0,91.7
2023-03-09,88.4,85.5,7.16,370,0.76,113,140,300,7.24,340,2.07,9.5,10.3,51.9,92.6,82.7,60.6,2.8,95.4
2023-03-10,86.1,83.3,6.93,370,0.47,154,143,334,6.93,340,3.27,10.7,13.1,44.1,90.8,86.8,42.9,1.4,96.7
2023-03-11,87.9,84.3,7.05,373,0.85,163,155,354,7.1,340,2.76,10.0,9.5,39.6,93.9,88.8,39.1,3.2,91.8
2023-03-12,92.4,90.4,6.79,403,1.12,161,140,335,6.8,367,2.54,7.2,12.7,50.8,90.9,84.8,34.9,3.0,91.3
2023-03-13,83.4,81.4,6.99,370,0.69,162,167,353,6.92,340,2.55,11.5,17.3,58.6,89.6,83.4,43.3,4.1,90.5
2023-03-14,81.3,79.0,6.88,370,0.83,164,146,301,6.89,340,1.89,12.7,15.1,63.2,89.7,79.0,45.0,2.5,94.5
2023-03-15,80.8,78.1,6.72,370,0.9,140,175,327,6.8,340,2.94,11.5,10.6,48.9,93.9,85.0,52.0,5.5,89.3
2023-03-16,81.1,78.3,7.13,370,0.96,132,163,320,7.19,340,2.8,11.6,12.8,58.9,92.1,81.6,40.0,3.9,90.3
2023-03-17,84.2,81.8,7.28,450,0.73,117,191,318,7.26,414,2.62,8.0,10.8,58.2,94.3,81.7,49.4,4.2,91.5
2023-03-18,86.0,83.3,7.21,397,0.5,144,144,300,7.13,349,3.21,11.8,12.8,62.7,91.1,79.1,54.5,3.2,94.1
2023-03-19,85.8,82.0,7.15,418,0.81,137,171,314,7.29,370,2.15,9.6,15.7,50.5,90.8,83.9,55.6,3.4,93.9
2023-03-20,88.1,85.3,6.99,370,0.79,168,140,300,7.06,340,2.46,10.5,14.7,39.2,89.5,86.9,55.9,5.6,90.0
2023-03-21,84.7,82.6,7.16,370,0.72,145,215,300,7.32,340,2.36,10.1,19.5,53.7,90.9,82.1,55.7,7.0,87.4
2023-03-22,90.8,87.8,7.22,370,0.75,133,172,305,7.37,340,2.59,9.0,16.1,45.3,90.6,85.1,59.5,2.9,95.1
2023-03-23,83.6,80.0,7.07,388,0.79,130,149,359,7.17,356,2.73,7.3,13.5,47.6,90.9,86.7,41.9,1.4,96.6
2023-03-24,96.2,93.8,6.88,370,0.82,181,150,344,6.95,340,2.87,9.1,14.8,50.9,90.1,85.2,41.2,2.5,94.0
2023-03-25,87.4,84.0,6.98,370,0.82,149,151,300,7.02,340,2.56,11.6,12.5,50.6,91.7,83.1,47.2,3.0,93.6
2023-03-26,81.3,78.1,7.29,374,0.74,137,195,319,7.39,340,2.35,8.3,10.1,54.3,94.8,83.0,44.9,4.7,89.6
2023-03-27,80.4,77.1,7.04,370,0.83,151,176,364,7.09,340,3.37,11.4,16.4,58.7,90.7,83.9,36.3,1.6,95.7
2023-03-28,87.0,83.8,6.6,370,0.73,180,148,319,6.8,340,3.66,11.0,15.6,50.3,89.5,84.2,43.4,4.9,88.7
2023-03-29,84.0,81.9,6.84,404,0.87,143,140,300,6.8,366,2.76,8.6,12.4,56.3,91.1,81.2,43.4,4.4,90.0
2023-03-30,88.0,85.2,6.99,397,0.68,160,184,429,7.05,360,2.4,12.5,13.7,53.3,92.6,87.6,41.7,1.4,96.6
2023-03-31,87.1,83.6,7.2,421,0.78,168,177,333,7.32,385,3.29,8.5,16.2,60.5,90.8,81.8,40.7,2.2,94.6
2023-04-01,84.8,82.9,7.01,370,0.53,119,174,300,7.15,340,2.12,12.8,15.2,51.7,91.3,82.8,52.3,5.3,89.9
2023-04-02,81.6,79.7,7.2,422,0.71,139,158,348,7.26,385,2.57,10.3,9.2,52.6,94.2,84.9,50.0,1.7,96.7
2023-04-03,78.9,77.0,6.98,448,0.86,166,154,338,6.98,408,2.42,9.3,13.6,50.3,91.2,85.1,47.3,3.9,91.8
2023-04-04,83.4,80.1,6.77,408,0.61,138,197,300,6.89,378,2.24,7.3,12.6,51.9,93.6,82.7,40.8,4.0,90.2
2023-04-05,88.9,85.9,6.98,381,0.72,156,199,347,7.04,340,2.59,9.1,15.9,47.1,92.0,86.4,53.7,5.1,90.6
2023-04-06,86.3,84.5,7.1,406,0.41,137,176,384,7.14,366,2.35,8.8,15.7,46.3,91.1,87.9,53.4,2.1,96.0
2023-04-07,80.2,78.1,7.09,381,0.56,142,183,336,7.06,345,2.71,6.4,16.4,59.3,91.0,82.4,40.6,2.4,94.2
2023-04-08,86.2,82.4,6.87,377,0.6,140,169,300,7.06,350,2.71,8.8,10.1,44.8,94.0,85.1,36.0,1.8,95.1
2023-04-09,87.2,83.4,7.0,426,0.79,160,140,361,7.11,375,2.45,7.5,11.0,50.7,92.1,86.0,50.6,5.5,89.1
2023-04-10,81.9,79.2,7.43,401,0.82,153,144,372,7.4,361,2.55,10.6,15.9,61.1,89.0,83.6,44.9,4.7,89.6
2023-04-11,86.3,84.4,6.88,445,0.76,151,190,326,6.89,396,2.61,12.3,11.5,50.4,93.9,84.5,32.0,1.3,95.9
2023-04-12,86.0,83.3,7.14,393,0.71,190,193,327,7.21,354,3.02,6.5,9.0,59.7,95.3,81.7,49.9,2.0,95.9
2023-04-13,81.0,78.4,6.76,397,0.71,177,189,442,6.81,350,2.64,13.2,14.4,48.6,92.4,89.0,48.2,1.6,96.8
2023-04-14,87.4,83.7,7.17,391,0.88,118,175,326,7.28,341,3.03,9.0,11.6,45.0,93.4,86.2,55.6,4.7,91.5
2023-04-15,88.3,85.8,6.93,375,0.8,142,191,309,7.07,340,2.93,7.1,17.7,40.8,90.7,86.8,44.7,4.0,91.0
2023-04-16,90.6,88.3,7.11,438,0.72,188,168,356,7.08,389,2.93,11.0,13.8,63.4,91.8,82.2,35.4,1.0,97.3
2023-04-17,90.5,87.3,6.87,483,0.96,140,183,379,6.86,425,3.26,8.3,13.4,44.3,92.7,88.3,36.8,1.4,96.3
2023-04-18,80.4,78.3,7.09,402,1.06,183,167,378,7.19,357,2.25,9.1,12.0,59.0,92.8,84.4,45.4,2.2,95.2
2023-04-19,82.3,80.6,6.92,393,0.58,143,149,300,6.95,343,2.51,8.4,17.1,45.4,88.5,84.9,43.2,4.9,88.7
2023-04-20,88.4,84.9,6.95,392,0.85,146,191,333,7.06,363,3.41,7.4,13.9,63.5,92.7,80.9,48.3,3.6,92.5
2023-04-21,88.5,85.7,7.11,396,1.23,163,200,407,7.15,358,2.6,11.0,11.9,70.4,94.0,82.7,40.3,1.0,97.6
2023-04-22,88.6,85.2,6.99,472,0.81,148,226,375,6.97,433,1.6,8.6,10.9,40.0,95.2,89.3,51.6,2.0,96.1
2023-04-23,102.7,100.1,7.1,397,0.79,157,180,314,7.06,355,2.62,6.0,12.8,44.7,92.9,85.8,50.7,4.1,91.9
2023-04-24,89.0,86.3,7.02,402,0.76,175,154,414,7.11,371,2.75,10.6,10.5,59.2,93.2,85.7,52.4,4.0,92.4
2023-04-25,91.4,88.8,7.06,383,0.84,162,170,404,7.15,344,1.65,6.5,15.7,57.2,90.8,85.8,49.5,1.7,96.5
2023-04-26,90.7,88.5,7.11,433,0.88,152,175,355,7.23,391,3.23,6.6,8.3,59.3,95.3,83.3,48.5,3.1,93.5
2023-04-27,89.5,86.4,7.0,423,0.58,176,181,403,7.08,380,2.41,12.0,12.6,48.7,93.0,87.9,46.0,4.8,89.6
2023-04-28,85.6,83.7,6.91,390,0.77,164,189,449,6.8,356,2.83,6.5,14.6,68.7,92.3,84.7,48.7,2.9,94.0
2023-04-29,90.2,87.3,6.98,399,0.43,138,188,329,7.07,360,2.61,4.0,13.9,54.1,92.6,83.6,43.4,1.8,95.8
2023-04-30,83.8,80.4,7.22,478,0.74,181,197,394,7.19,423,2.18,10.7,11.1,43.7,94.4,88.9,52.5,2.5,95.2
2023-05-01,86.1,83.8,7.07,431,0.63,160,186,453,7.01,378,2.27,8.6,14.7,51.2,92.1,88.7,48.8,2.6,94.7
2023-05-02,85.2,83.0,6.93,435,0.82,146,140,401,6.87,394,2.33,8.8,10.7,43.8,92.4,89.1,45.9,2.5,94.5
2023-05-03,87.6,84.4,7.11,437,0.52,117,188,346,7.04,393,3.13,8.6,12.9,65.6,93.1,81.0,34.7,2.6,92.4
2023-05-04,97.1,94.8,7.12,479,0.69,127,186,387,7.19,419,2.64,9.8,14.7,48.0,92.1,87.6,46.5,2.9,93.7
2023-05-05,79.6,77.8,7.12,403,0.91,177,197,434,7.14,360,2.49,7.6,14.2,57.0,92.8,86.9,42.3,5.4,87.3
2023-05-06,90.4,87.0,6.91,425,0.67,177,179,340,6.88,382,2.33,12.7,11.2,49.5,93.7,85.4,42.4,2.4,94.3
2023-05-07,80.9,79.2,6.95,433,0.48,151,192,381,7.02,398,3.18,5.9,16.1,48.4,91.6,87.3,43.5,4.9,88.8
2023-05-08,85.7,82.2,6.96,385,0.81,121,200,373,6.95,340,3.29,10.3,13.2,38.3,93.4,89.7,39.9,1.1,97.2
2023-05-09,92.4,88.7,7.0,412,0.68,132,186,359,7.12,367,3.17,10.8,14.9,57.9,92.0,83.9,38.6,1.9,95.2
2023-05-10,88.2,84.6,7.13,477,0.74,124,204,396,7.27,438,2.9,7.6,17.0,63.3,91.7,84.0,50.7,2.4,95.3
2023-05-11,83.4,81.6,7.09,469,0.66,123,193,384,7.14,426,2.82,6.9,15.9,46.1,91.8,88.0,49.7,2.1,95.8
2023-05-12,85.1,82.6,7.1,476,1.07,182,195,415,7.25,422,2.21,11.6,15.9,41.1,91.8,90.1,43.0,4.4,89.7
2023-05-13,91.0,87.3,7.24,429,0.54,182,140,436,7.38,394,2.6,7.0,13.5,59.5,90.4,86.4,55.3,6.4,88.4
2023-05-14,85.2,82.3,7.15,434,1.2,132,170,341,7.21,390,2.43,7.9,15.1,40.4,91.1,88.2,47.9,2.9,94.0
2023-05-15,89.2,86.6,7.03,393,0.71,149,171,396,7.19,353,1.97,11.3,13.6,62.7,92.0,84.2,42.0,1.5,96.5
2023-05-16,88.6,84.8,6.88,482,0.8,129,201,393,6.91,447,3.12,9.4,9.9,46.1,95.1,88.3,51.5,1.3,97.4
2023-05-17,85.8,83.8,6.95,489,0.68,149,224,405,6.89,453,2.42,5.2,13.8,44.6,93.8,89.0,50.7,5.6,89.0
2023-05-18,97.6,95.2,7.01,490,0.68,176,196,397,6.98,436,3.18,13.3,13.7,55.1,93.0,86.1,40.5,4.8,88.3
2023-05-19,91.3,88.4,7.17,508,0.65,167,217,360,7.19,446,3.05,8.1,14.5,45.1,93.3,87.5,49.1,1.0,97.9
2023-05-20,80.3,78.6,7.05,472,0.86,162,214,459,7.14,419,2.92,8.4,12.7,47.7,94.1,89.6,41.5,2.4,94.3
2023-05-21,89.7,86.6,6.96,509,0.56,146,204,478,6.95,443,2.95,9.9,11.0,56.0,94.6,88.3,49.7,2.6,94.8
2023-05-22,86.2,84.4,6.95,455,0.82,170,214,426,6.97,396,2.45,10.7,14.7,34.3,93.1,91.9,57.1,4.0,93.1
2023-05-23,92.6,90.0,7.04,406,0.44,160,208,430,7.03,362,3.44,13.8,9.6,66.0,95.4,84.7,44.1,4.1,90.6
2023-05-24,85.8,83.3,7.17,492,0.81,156,201,412,7.2,455,2.72,5.5,16.8,53.5,91.6,87.0,40.2,3.6,91.0
2023-05-25,88.8,85.1,7.27,408,0.9,148,214,448,7.4,376,2.82,11.2,12.4,43.1,94.2,90.4,34.8,3.3,90.4
2023-05-26,91.5,89.4,7.02,473,0.58,155,237,313,7.1,426,2.44,11.0,13.6,45.3,94.3,85.5,42.8,2.4,94.5
2023-05-27,93.1,89.9,7.04,499,0.87,154,217,412,7.07,451,2.33,9.0,14.5,60.9,93.3,85.2,41.4,3.2,92.4
2023-05-28,84.5,81.0,6.88,481,0.78,141,213,390,7.01,418,2.89,11.1,14.5,57.9,93.2,85.2,43.1,3.7,91.4
2023-05-29,88.2,84.3,7.32,545,1.01,137,191,421,7.38,481,2.79,11.4,9.3,64.0,95.1,84.8,48.2,6.4,86.7
2023-05-30,87.7,85.0,6.85,411,0.64,134,240,460,6.92,358,2.38,6.1,15.1,47.9,93.7,89.6,46.1,3.8,91.7
2023-05-31,87.0,84.3,7.21,472,1.19,135,182,419,7.34,432,2.12,13.3,13.8,55.5,92.4,86.8,44.9,3.7,91.8
2023-06-01,97.3,94.7,7.0,477,0.41,146,177,405,7.04,419,2.19,5.7,11.3,56.5,93.6,86.0,44.7,3.8,91.5
2023-06-02,91.7,89.6,6.97,435,0.72,144,221,365,7.08,401,3.18,6.7,11.1,58.6,95.0,83.9,46.9,5.4,88.4
2023-06-03,84.8,81.1,6.89,443,0.52,140,196,418,7.01,402,2.45,8.7,12.1,62.0,93.8,85.2,44.6,3.5,92.2
2023-06-04,94.0,91.5,7.39,454,1.05,138,239,451,7.4,401,2.56,13.7,9.6,47.6,96.0,89.4,56.6,1.9,96.6
2023-06-05,99.2,95.2,7.08,448,0.73,154,181,392,7.06,393,3.28,8.6,17.5,52.3,90.3,86.7,62.8,6.5,89.7
2023-06-06,94.7,92.5,7.05,481,0.74,172,238,347,7.11,436,2.25,9.2,16.9,48.4,92.9,86.1,63.7,3.7,94.3
2023-06-07,84.1,82.0,7.17,467,0.84,149,236,520,7.3,431,2.41,12.6,14.2,52.8,94.0,89.8,60.5,4.6,92.5
2023-06-08,88.5,85.7,6.96,498,0.77,148,222,444,7.07,454,2.39,8.6,12.4,58.6,94.4,86.8,44.0,3.3,92.4
2023-06-09,95.9,93.3,7.05,510,0.68,135,177,423,7.21,454,3.35,6.6,12.5,40.3,92.9,90.5,55.4,3.8,93.1
2023-06-10,87.7,84.5,7.06,509,0.58,146,186,489,7.09,460,3.5,8.3,15.0,61.9,91.9,87.3,87.5,5.9,93.3
2023-06-11,92.7,89.6,6.98,479,0.8,169,228,441,7.09,425,3.0,12.5,17.6,44.3,92.3,90.0,53.4,1.6,96.9
2023-06-12,94.1,91.8,7.22,503,0.83,166,219,490,7.22,467,3.01,9.5,11.5,50.8,94.7,89.6,76.8,2.5,96.8
2023-06-13,87.1,84.2,7.02,528,0.87,165,240,488,7.09,483,2.47,13.7,10.1,62.9,95.8,87.1,58.9,5.6,90.5
2023-06-14,90.8,87.5,6.83,511,1.06,164,224,389,6.96,463,3.48,11.0,17.0,55.8,92.4,85.7,51.6,4.1,92.0
2023-06-15,77.6,75.0,7.01,557,0.44,156,224,459,7.12,498,2.81,7.8,8.4,55.8,96.2,87.8,54.2,2.2,96.0
2023-06-16,87.0,84.8,7.08,531,0.76,156,177,511,7.15,481,3.04,9.4,10.4,44.0,94.1,91.4,48.1,3.1,93.6
2023-06-17,90.3,87.0,6.92,556,0.95,153,246,404,6.97,495,2.66,7.3,12.4,45.1,95.0,88.8,42.6,2.8,93.5
2023-06-18,86.2,82.7,6.94,423,0.75,143,216,406,6.94,368,2.59,7.8,8.9,60.5,95.9,85.1,37.9,3.0,92.1
2023-06-19,98.4,95.7,6.97,507,0.42,151,222,414,7.02,453,3.37,19.6,15.9,48.6,92.8,88.3,55.5,3.4,93.8
2023-06-20,85.6,83.5,7.22,495,0.58,153,209,484,7.2,458,2.92,11.6,15.2,49.3,92.7,89.8,60.3,3.9,93.5
2023-06-21,89.8,86.0,6.98,503,0.82,160,200,461,7.02,456,3.28,11.3,11.5,60.7,94.2,86.8,45.1,3.0,93.4
2023-06-22,92.3,88.7,7.25,482,0.81,151,265,374,7.2,421,2.8,7.9,16.3,45.0,93.8,88.0,62.5,6.9,89.0
2023-06-23,97.9,93.9,6.96,522,0.87,183,251,466,6.94,481,2.36,12.9,16.8,55.3,93.3,88.1,52.9,2.3,95.6
2023-06-24,85.9,82.8,7.1,453,0.65,130,253,444,7.21,401,2.47,11.8,12.7,53.5,95.0,88.0,49.0,5.6,88.6
2023-06-25,96.9,93.6,6.99,525,0.81,162,232,451,7.09,464,2.74,13.6,11.8,53.2,94.9,88.2,66.3,4.1,93.8
2023-06-26,92.2,89.7,7.16,489,0.63,149,201,423,7.2,434,2.45,13.5,18.9,49.2,90.6,88.4,45.0,3.9,91.3
2023-06-27,88.1,85.5,6.89,499,0.81,150,282,472,6.96,451,2.26,5.9,14.9,48.7,94.7,89.7,60.4,4.7,92.2
2023-06-28,94.2,91.4,7.15,531,0.78,136,248,502,7.23,479,3.18,6.7,13.7,44.8,94.5,91.1,54.8,2.1,96.2
2023-06-29,93.2,89.8,7.07,520,0.65,166,243,435,7.15,467,2.48,7.0,16.5,57.0,93.2,86.9,56.5,5.3,90.7
2023-06-30,89.9,87.8,6.96,553,1.0,160,233,395,7.04,504,2.76,7.1,13.8,48.0,94.1,87.8,54.5,1.6,97.0
2023-07-01,92.8,89.7,7.03,490,0.51,163,199,451,7.01,435,2.82,10.0,11.7,60.8,94.1,86.5,58.9,3.6,93.9
2023-07-02,91.0,89.1,7.26,519,0.75,152,267,495,7.18,475,2.46,8.0,13.2,51.4,95.1,89.6,58.0,2.3,96.1
2023-07-03,93.1,90.4,7.07,552,0.64,144,221,449,7.07,486,3.28,14.1,15.7,44.9,92.9,90.0,58.5,3.3,94.3
2023-07-04,95.5,91.5,6.95,536,1.05,148,256,408,7.0,491,2.25,13.7,7.8,51.3,97.0,87.4,50.8,4.5,91.1
2023-07-05,99.5,96.7,6.88,539,0.86,156,262,499,7.0,490,2.8,9.3,12.3,50.0,95.3,90.0,63.3,2.3,96.3
2023-07-06,87.7,84.5,7.12,562,0.67,117,253,520,7.19,511,2.8,13.8,16.6,61.1,93.4,88.2,59.6,5.6,90.6
2023-07-07,101.9,99.1,7.08,515,0.73,163,257,472,7.17,462,2.68,12.7,11.7,50.3,95.4,89.3,49.9,5.2,89.6
2023-07-08,84.8,81.2,7.15,510,1.05,188,276,408,7.15,464,2.18,8.3,17.0,51.0,93.8,87.5,59.5,5.3,91.2
2023-07-09,92.5,88.7,6.85,549,0.63,157,232,461,6.9,480,3.05,4.7,16.7,64.2,92.8,86.1,55.9,2.7,95.2
2023-07-10,95.7,93.4,6.89,527,0.51,145,253,481,6.95,485,3.0,8.8,12.8,57.2,94.9,88.1,56.9,2.2,96.1
2023-07-11,94.4,90.7,7.21,569,0.81,147,245,444,7.23,496,2.43,7.8,11.5,66.2,95.3,85.1,63.4,4.8,92.5
2023-07-12,90.7,88.5,7.1,546,0.82,161,212,501,7.09,479,2.98,9.8,12.3,63.0,94.2,87.4,54.7,5.7,89.6
2023-07-13,92.5,89.0,7.12,515,0.87,145,258,442,7.17,465,2.85,9.5,19.9,46.3,92.3,89.5,57.6,2.4,95.8
2023-07-14,91.4,88.8,6.92,547,0.87,163,279,480,7.01,500,2.19,9.4,17.9,60.9,93.6,87.3,58.9,2.5,95.8
2023-07-15,91.1,88.5,6.91,509,1.04,147,282,471,6.92,445,2.36,10.5,13.3,65.1,95.3,86.2,52.4,5.9,88.7
2023-07-16,97.2,94.0,7.19,569,0.51,177,290,506,7.24,520,3.16,6.5,11.4,65.2,96.1,87.1,43.8,3.0,93.1
2023-07-17,95.2,91.6,7.2,495,0.59,176,217,482,7.34,459,2.82,10.2,13.3,60.9,93.9,87.4,53.2,5.4,89.9
2023-07-18,90.8,87.2,6.9,580,0.87,144,290,476,6.93,520,2.47,8.3,13.6,60.7,95.3,87.2,50.2,2.0,96.1
2023-07-19,97.6,93.3,6.87,552,0.6,148,260,453,6.93,496,2.36,9.8,9.8,50.8,96.2,88.8,47.7,2.3,95.1
2023-07-20,95.1,91.6,7.03,537,0.55,149,290,487,7.09,491,2.49,11.5,13.2,46.7,95.4,90.4,49.7,4.0,92.0
2023-07-21,97.3,94.5,6.94,568,1.05,149,249,476,6.99,505,2.52,6.5,16.4,50.5,93.4,89.4,47.4,1.6,96.7
2023-07-22,96.6,94.5,6.94,561,0.53,134,247,453,7.1,504,2.36,8.7,8.3,40.2,96.6,91.1,47.4,3.6,92.4
2023-07-23,90.5,88.4,6.87,580,0.72,132,233,495,6.95,520,2.0,9.0,15.1,63.7,93.5,87.1,53.0,2.7,95.0
2023-07-24,91.7,89.3,6.98,580,0.76,169,275,504,6.95,520,3.16,8.1,16.6,51.0,94.0,89.9,74.5,4.1,94.5
2023-07-25,97.3,94.8,6.89,559,0.97,167,271,477,7.04,517,3.09,11.4,11.5,63.3,95.8,86.7,42.5,4.3,89.9
2023-07-26,96.7,94.0,6.9,520,0.49,167,237,520,6.97,460,2.19,7.6,17.4,43.6,92.7,91.6,59.8,6.2,89.7
2023-07-27,94.1,90.5,7.09,532,0.83,148,215,503,7.13,470,2.75,8.0,11.2,61.6,94.8,87.8,56.9,2.8,95.0
2023-07-28,94.8,92.7,7.04,548,0.64,180,270,442,7.18,486,2.34,7.7,14.1,49.3,94.8,88.8,59.6,1.7,97.1
2023-07-29,99.7,96.9,7.12,580,0.86,149,273,520,7.13,519,2.6,11.8,12.2,43.2,95.5,91.7,61.4,5.9,90.4
2023-07-30,91.9,89.0,6.82,537,0.63,163,242,520,6.98,477,2.56,8.2,12.2,65.9,95.0,87.3,56.6,6.0,89.5
2023-07-31,96.7,92.6,7.05,540,1.01,127,238,520,7.12,481,2.53,10.4,11.4,61.8,95.2,88.1,52.5,3.8,92.7
2023-08-01,93.6,90.4,7.34,580,0.63,146,277,512,7.4,520,3.5,13.8,14.8,54.9,94.7,89.3,51.0,2.2,95.7
2023-08-02,93.6,90.5,7.0,550,0.4,147,290,403,7.24,503,2.52,9.1,15.2,53.5,94.8,86.7,52.7,3.3,93.7
2023-08-03,99.2,96.8,7.17,534,0.65,148,254,520,7.24,488,2.38,11.9,12.8,56.6,95.0,89.1,52.2,4.9,90.7
2023-08-04,98.0,95.0,7.16,580,0.73,128,246,501,7.22,520,2.39,13.1,9.5,54.7,96.1,89.1,47.9,2.6,94.6
2023-08-05,98.0,94.6,7.17,554,0.93,161,272,513,7.17,483,3.12,11.7,14.0,47.0,94.9,90.8,51.1,2.6,94.8
2023-08-06,100.1,98.1,7.07,512,0.58,166,279,520,7.13,446,2.04,9.3,14.1,50.0,94.9,90.4,84.0,9.4,88.8
2023-08-07,94.8,90.8,7.13,580,0.58,138,259,520,7.13,520,2.39,10.8,12.4,68.5,95.2,86.8,43.0,4.5,89.5
2023-08-08,97.6,94.2,7.15,534,0.91,131,290,479,7.2,481,3.28,6.3,17.9,74.0,93.8,84.6,50.2,5.2,89.7
2023-08-09,93.5,89.3,7.14,559,0.56,137,286,480,7.37,505,2.8,7.5,8.9,65.4,96.9,86.4,62.6,4.5,92.8
2023-08-10,96.2,93.6,6.89,556,0.74,157,259,468,6.96,485,2.78,7.9,7.2,56.9,97.2,87.8,58.5,2.9,95.0
2023-08-11,94.3,92.2,6.81,566,0.75,140,234,459,6.84,501,3.55,14.5,11.1,50.6,95.3,89.0,49.5,4.9,90.1
2023-08-12,95.3,91.6,6.83,489,0.8,147,290,460,6.88,444,2.8,7.4,14.8,47.0,94.9,89.8,52.4,4.1,92.2
2023-08-13,97.4,95.1,7.01,549,0.66,132,290,429,7.05,505,2.42,7.4,10.3,47.5,96.4,88.9,54.5,5.0,90.8
2023-08-14,91.5,88.0,7.13,580,0.63,181,262,520,7.26,520,2.59,6.9,10.4,48.9,96.0,90.6,54.0,6.3,88.4
2023-08-15,103.7,101.4,6.9,580,0.82,151,276,520,6.95,520,2.25,10.6,15.5,70.0,94.4,86.5,63.9,2.1,96.7
2023-08-16,90.7,88.3,7.18,529,0.64,168,266,520,7.34,477,3.2,9.6,14.2,67.3,94.7,87.1,51.1,4.4,91.3
2023-08-17,89.9,87.6,6.98,580,0.57,157,280,470,7.02,520,2.93,11.8,14.0,59.0,95.0,87.4,49.7,2.4,95.1
2023-08-18,99.8,95.4,6.98,537,0.95,149,248,494,7.03,484,3.15,10.8,15.0,45.7,94.0,90.7,55.8,3.6,93.6
2023-08-19,98.3,96.3,6.93,550,0.84,148,245,520,6.94,495,3.19,6.1,11.9,60.2,95.1,88.4,60.5,5.3,91.2
2023-08-20,97.6,95.0,6.79,552,1.04,138,287,520,6.82,510,2.53,7.4,12.0,51.3,95.8,90.1,61.5,7.5,87.9
2023-08-21,97.7,94.0,7.08,566,0.89,142,290,511,7.04,519,2.32,12.4,15.1,36.4,94.8,92.9,42.9,1.9,95.6
2023-08-22,95.0,92.7,7.29,580,0.58,133,260,496,7.22,520,2.68,8.8,9.5,55.4,96.3,88.8,48.9,2.6,94.6
2023-08-23,91.3,87.8,7.04,571,0.78,132,254,520,7.14,504,2.35,12.0,7.4,46.6,97.1,91.0,50.6,1.5,97.0
2023-08-24,95.4,93.2,6.79,559,0.62,183,290,463,6.8,503,2.77,9.0,11.9,46.9,95.9,89.9,56.5,4.9,91.3
2023-08-25,92.2,88.3,7.16,580,0.52,154,255,520,7.24,520,3.15,7.1,15.4,51.2,94.0,90.2,44.9,2.4,94.7
2023-08-26,99.2,96.5,6.82,538,0.7,173,272,520,6.85,471,2.63,8.6,13.7,49.3,95.0,90.5,58.0,6.2,89.2
2023-08-27,94.5,91.5,6.88,561,0.92,137,269,508,7.0,514,2.76,7.1,15.2,52.9,94.3,89.6,46.1,4.8,89.7
2023-08-28,91.6,87.7,7.02,580,0.81,129,240,520,6.97,510,2.66,8.0,7.8,52.6,96.7,89.9,57.0,2.6,95.5
2023-08-29,93.7,90.1,7.07,580,0.56,134,275,508,7.16,520,3.02,9.8,13.8,38.6,95.0,92.4,64.6,7.4,88.5
2023-08-30,96.8,92.5,6.91,549,0.7,143,272,485,6.99,497,2.43,10.5,14.7,65.1,94.6,86.6,52.6,3.8,92.8
2023-08-31,92.7,89.6,7.01,515,0.75,150,278,510,7.09,454,1.82,5.6,9.5,45.5,96.6,91.1,44.6,4.2,90.6
2023-09-01,91.6,88.2,7.15,573,0.52,147,274,443,7.28,514,2.89,9.3,15.2,45.8,94.5,89.7,53.4,5.0,90.6
2023-09-02,96.1,93.2,7.17,513,0.88,137,290,520,7.23,467,3.1,8.0,12.7,50.6,95.6,90.3,56.4,4.7,91.7
2023-09-03,96.1,92.5,7.23,556,0.74,151,290,520,7.14,504,2.88,7.8,21.0,52.4,92.8,89.9,49.3,3.1,93.7
2023-09-04,92.9,89.4,7.32,580,0.56,152,271,480,7.4,519,2.44,9.6,7.3,64.6,97.3,86.5,56.9,4.2,92.7
2023-09-05,93.1,90.6,7.16,580,0.55,161,273,470,7.24,520,2.25,8.0,16.6,55.3,93.9,88.2,57.7,6.4,88.9
2023-09-06,96.0,91.8,7.02,498,0.94,173,290,481,7.06,448,2.9,12.5,12.0,57.6,95.9,88.0,57.1,1.7,97.1
2023-09-07,88.9,86.9,7.17,569,0.71,144,288,503,7.18,512,2.76,12.0,8.8,55.3,96.9,89.0,61.8,6.2,90.0
2023-09-08,89.1,87.0,7.12,552,0.95,169,244,514,7.15,482,2.65,12.0,11.6,55.0,95.2,89.3,40.9,3.2,92.2
2023-09-09,92.0,89.4,7.12,521,1.01,151,289,520,7.27,482,3.43,8.2,13.7,55.6,95.3,89.3,37.4,3.7,90.0
2023-09-10,94.1,91.2,7.07,572,0.92,125,290,520,7.08,503,2.32,7.1,15.7,38.1,94.6,92.7,51.4,2.7,94.8
2023-09-11,96.3,94.1,6.92,546,0.69,178,290,520,6.88,492,3.41,9.5,17.5,51.3,94.0,90.1,41.7,3.3,92.2
2023-09-12,101.1,97.0,6.91,545,0.4,186,260,509,6.88,500,2.71,9.0,16.7,62.3,93.6,87.8,53.5,4.2,92.1
2023-09-13,98.5,94.3,7.04,565,0.82,159,259,467,7.09,498,1.97,7.9,10.5,78.0,95.9,83.3,49.8,4.4,91.1
2023-09-14,94.2,90.5,7.07,540,1.08,151,249,520,7.23,486,2.63,6.6,15.9,43.8,93.6,91.6,49.7,3.8,92.3
2023-09-15,94.8,92.4,6.95,563,0.76,145,274,493,7.15,497,3.08,9.2,14.0,56.5,94.9,88.5,44.6,4.3,90.3
2023-09-16,90.6,86.6,7.11,540,0.47,142,283,514,7.21,494,2.55,8.4,11.3,48.7,96.0,90.5,55.3,4.5,91.9
2023-09-17,94.7,91.8,7.34,542,0.67,169,257,520,7.34,489,2.11,10.9,12.4,69.2,95.2,86.7,50.5,3.2,93.7
2023-09-18,93.6,91.7,6.81,580,0.74,149,264,504,6.81,520,2.63,10.8,11.2,42.6,95.8,91.5,61.9,6.2,90.0
2023-09-19,96.1,93.8,7.13,580,0.61,176,224,520,7.24,520,2.36,11.8,13.1,58.1,94.2,88.8,52.7,4.5,91.5
2023-09-20,91.2,88.3,7.04,503,0.39,150,290,518,7.18,457,2.9,6.4,11.1,42.2,96.2,91.9,45.3,3.5,92.2
2023-09-21,96.9,92.7,7.11,580,0.76,143,233,520,7.13,520,3.01,10.2,10.3,50.7,95.6,90.2,45.3,2.3,94.9
2023-09-22,101.1,98.6,6.99,580,0.65,140,273,517,7.14,520,2.28,7.6,14.2,52.9,94.8,89.8,81.7,2.7,96.6
2023-09-23,94.1,91.3,7.03,580,1.04,138,270,497,7.08,517,2.42,6.5,14.6,61.5,94.6,87.6,44.5,2.8,93.8
2023-09-24,96.2,92.2,7.07,571,0.79,158,266,501,7.17,518,3.0,8.3,12.5,44.8,95.3,91.1,63.7,5.0,92.2
2023-09-25,97.4,93.3,7.01,520,0.84,129,266,495,7.14,480,2.36,11.8,16.6,58.4,93.8,88.2,67.3,7.6,88.8
2023-09-26,92.8,90.7,6.84,574,0.75,136,243,445,6.81,513,2.27,8.4,12.3,53.3,94.9,88.0,47.6,5.0,89.5
2023-09-27,95.4,92.7,7.02,525,0.78,171,256,456,7.1,466,2.23,12.9,12.2,55.3,95.2,87.9,63.7,3.1,95.1
2023-09-28,94.4,92.2,6.85,541,0.52,134,283,520,7.0,483,2.84,10.6,14.7,60.7,94.8,88.3,45.4,1.3,97.1
2023-09-29,94.8,92.6,7.14,563,0.61,163,289,444,7.17,504,2.82,8.4,12.7,43.2,95.6,90.3,51.6,2.1,95.9
2023-09-30,91.1,88.3,6.79,525,0.93,116,253,477,6.8,459,2.43,12.0,13.2,59.5,94.8,87.5,47.6,2.3,95.3
2023-10-01,94.4,91.3,7.19,513,0.8,173,228,451,7.28,461,2.7,10.3,6.4,48.8,97.2,89.2,42.0,4.0,90.5
2023-10-02,96.3,93.0,7.11,564,0.71,129,244,473,7.18,507,3.31,7.2,13.0,61.7,94.7,87.0,60.9,2.8,95.4
2023-10-03,100.2,96.5,7.11,580,0.84,135,290,485,7.15,520,2.31,13.6,8.2,55.8,97.2,88.5,42.7,1.8,95.8
2023-10-04,98.1,94.8,6.75,580,0.85,160,244,474,6.81,517,1.92,9.9,9.8,51.6,96.0,89.1,43.2,3.4,92.0
2023-10-05,103.1,100.4,7.0,569,1.07,154,257,432,6.96,515,2.88,9.3,9.5,48.6,96.3,88.8,51.2,1.8,96.6
2023-10-06,90.8,88.0,7.21,576,0.79,164,288,481,7.3,520,2.66,7.3,10.3,59.6,96.4,87.6,47.3,1.7,96.4
2023-10-07,97.6,95.4,6.98,565,0.61,129,247,449,7.13,520,2.42,12.0,11.6,63.0,95.3,86.0,47.5,5.1,89.3
2023-10-08,94.6,91.4,6.9,558,0.75,145,254,461,6.92,504,2.96,10.5,11.7,49.0,95.4,89.4,50.4,3.7,92.7
2023-10-09,103.0,99.9,6.96,571,0.86,140,273,515,6.97,498,3.04,10.7,14.7,44.4,94.6,91.4,45.7,5.3,88.4
2023-10-10,90.4,87.7,7.04,497,0.92,132,290,520,7.11,461,1.82,8.1,13.6,58.6,95.3,88.7,53.3,6.7,87.5
2023-10-11,90.2,87.4,6.93,547,0.53,159,241,431,7.16,499,2.44,11.2,8.1,41.9,96.6,90.3,33.3,1.8,94.7
2023-10-12,91.1,88.6,7.22,537,0.81,165,284,520,7.35,478,3.63,11.4,13.2,43.0,95.4,91.7,45.2,4.0,91.1
2023-10-13,84.6,81.3,7.04,541,0.64,144,248,461,7.1,475,2.93,7.8,13.8,44.9,94.4,90.3,42.5,2.1,95.1
2023-10-14,91.3,88.4,6.97,522,0.69,174,234,456,7.03,458,2.97,6.0,12.1,50.0,94.8,89.0,48.2,1.9,96.1
2023-10-15,90.2,86.4,6.87,553,0.9,137,257,443,7.0,486,3.17,10.6,12.8,42.8,95.0,90.3,51.0,3.8,92.5
2023-10-16,94.0,90.7,7.12,509,0.88,173,227,480,7.12,444,2.71,5.7,13.5,38.1,94.1,92.1,45.6,3.1,93.2
2023-10-17,94.7,91.6,7.11,517,0.67,158,260,520,7.21,477,3.02,9.6,15.0,44.3,94.2,91.5,41.1,3.8,90.7
2023-10-18,101.1,98.2,6.94,512,0.75,130,290,414,6.93,462,2.99,8.3,8.9,58.2,96.9,85.9,49.0,4.8,90.3
2023-10-19,97.1,95.1,6.74,559,0.69,181,272,392,6.85,509,2.92,12.1,12.4,43.3,95.4,89.0,44.0,2.0,95.4
2023-10-20,90.7,87.9,7.11,530,1.2,142,246,484,7.15,487,2.57,8.4,16.9,50.5,93.1,89.6,47.0,2.1,95.6
2023-10-21,89.2,86.9,7.02,514,0.81,169,270,495,7.1,471,2.77,11.8,16.7,68.4,93.8,86.2,66.6,4.6,93.1
2023-10-22,95.0,91.9,7.1,516,0.64,152,227,473,7.14,476,2.46,8.1,15.2,52.8,93.3,88.8,46.3,4.4,90.6
2023-10-23,87.3,84.8,7.32,527,0.97,155,230,493,7.4,489,2.71,11.6,14.4,55.9,93.7,88.7,40.1,4.1,89.9
2023-10-24,100.5,96.1,7.05,577,0.97,164,243,423,7.1,517,2.23,14.0,17.3,45.8,92.9,89.2,44.8,2.7,94.0
2023-10-25,97.7,93.9,6.98,484,1.04,163,246,429,7.17,448,2.38,6.8,18.0,70.1,92.7,83.7,41.7,4.1,90.1
2023-10-26,90.7,87.4,6.89,544,1.08,144,216,471,7.03,496,2.59,10.0,12.7,49.0,94.1,89.6,41.9,1.1,97.4
2023-10-27,85.4,82.5,7.01,536,0.88,158,236,520,6.99,468,2.32,15.6,10.5,51.4,95.6,90.1,45.6,5.0,89.0
2023-10-28,98.2,93.9,7.07,492,0.72,157,238,485,7.14,448,2.5,9.5,12.3,63.5,94.8,86.9,38.5,1.8,95.3
2023-10-29,91.9,88.1,7.06,566,0.74,153,273,486,7.16,515,2.63,9.4,21.1,51.8,92.3,89.3,45.7,2.6,94.4
2023-10-30,97.5,93.8,7.29,535,0.73,146,213,417,7.32,494,2.86,11.1,8.9,53.6,95.8,87.1,36.2,4.2,88.3
2023-10-31,85.5,83.8,7.12,500,0.71,153,210,476,7.25,446,3.08,9.4,11.8,51.0,94.4,89.3,51.2,4.6,90.9
2023-11-01,89.6,86.3,7.03,455,0.96,181,242,410,7.16,411,2.51,5.4,9.3,51.1,96.2,87.5,41.6,4.9,88.3
2023-11-02,92.1,89.1,6.95,520,0.77,145,261,520,7.01,452,3.23,11.9,13.3,56.1,94.9,89.2,32.2,2.6,91.9
2023-11-03,92.2,88.5,7.09,510,0.92,169,248,414,7.21,453,3.08,4.7,9.9,57.5,96.0,86.1,38.4,4.4,88.6
2023-11-04,90.0,87.3,6.92,477,0.87,140,241,421,6.84,416,2.9,8.3,12.7,48.2,94.7,88.6,44.0,1.7,96.0
2023-11-05,94.4,90.8,7.08,476,0.61,135,228,393,7.22,429,2.76,12.1,7.9,47.2,96.5,88.0,50.6,3.0,94.0
2023-11-06,87.2,83.8,7.12,535,0.51,202,247,454,7.23,491,2.83,8.5,14.6,48.4,94.1,89.3,47.1,1.6,96.5
2023-11-07,91.0,88.1,7.02,443,0.58,158,250,451,7.01,390,3.17,7.7,16.2,42.3,93.5,90.6,46.4,3.0,93.5
2023-11-08,92.1,87.9,6.96,515,0.71,159,226,508,7.04,464,3.19,11.3,12.0,40.8,94.7,92.0,36.1,3.3,90.8
2023-11-09,93.6,89.4,6.74,497,0.79,159,210,477,6.8,438,3.23,7.3,12.6,55.5,94.0,88.4,38.5,2.6,93.1
2023-11-10,94.4,90.6,7.21,518,0.67,172,210,413,7.22,454,2.72,6.5,12.6,60.5,94.0,85.4,65.0,1.9,97.1
2023-11-11,86.6,82.8,7.11,491,0.88,156,247,478,7.23,442,2.92,9.9,13.5,60.0,94.5,87.4,44.4,5.1,88.5
2023-11-12,84.8,81.2,7.11,508,0.69,163,195,392,7.17,444,3.24,8.9,12.9,34.6,93.4,91.2,35.7,3.0,91.5
2023-11-13,96.5,93.0,6.83,473,0.81,133,262,411,6.89,428,2.45,6.4,15.0,51.3,94.3,87.5,45.1,4.6,89.9
2023-11-14,92.4,90.1,7.24,494,0.79,165,216,443,7.31,430,2.57,10.8,16.2,44.6,92.5,89.9,53.6,3.6,93.4
2023-11-15,87.8,85.1,6.98,510,1.03,146,231,392,7.04,446,2.71,10.4,10.9,54.3,95.3,86.1,45.1,3.1,93.1
2023-11-16,97.4,94.2,7.01,498,0.62,160,238,478,7.13,449,3.06,8.5,12.2,49.9,94.9,89.6,45.1,3.7,91.8
2023-11-17,91.2,87.8,6.9,503,1.1,122,208,520,6.92,455,3.07,8.6,15.3,57.8,92.6,88.9,57.1,6.4,88.8
2023-11-18,95.6,93.5,6.8,460,0.68,160,212,421,6.88,401,2.61,10.4,9.3,53.1,95.6,87.4,41.6,2.8,93.2
2023-11-19,90.9,87.7,7.21,469,0.57,114,223,405,7.2,424,2.1,12.0,7.9,38.4,96.5,90.5,57.5,3.6,93.8
2023-11-20,99.1,94.9,7.23,468,0.74,145,201,424,7.33,430,2.8,8.6,13.6,45.7,93.2,89.2,58.6,2.7,95.5
2023-11-21,97.8,94.9,7.03,476,1.26,122,196,406,7.07,434,2.33,10.8,14.3,53.2,92.7,86.9,65.4,7.2,88.9
2023-11-22,89.3,85.5,6.95,527,0.9,160,197,437,7.01,462,2.1,10.6,11.1,53.9,94.4,87.7,55.2,4.6,91.7
2023-11-23,94.3,90.9,7.0,471,0.86,151,242,372,7.04,426,2.19,11.3,11.5,42.2,95.2,88.7,43.8,3.3,92.4
2023-11-24,92.8,89.8,7.0,444,0.89,137,223,436,7.05,404,2.83,9.4,11.0,41.2,95.1,90.6,42.1,2.4,94.2
2023-11-25,95.8,93.6,6.88,496,0.65,172,197,498,6.88,432,3.24,7.2,10.7,53.6,94.6,89.2,39.7,3.0,92.4
2023-11-26,85.9,83.1,7.01,520,0.82,135,231,340,7.09,479,2.72,8.2,14.8,42.3,93.6,87.6,47.5,2.2,95.4
2023-11-27,92.7,90.2,7.07,435,0.77,101,197,372,7.16,402,2.78,10.1,9.9,40.2,95.0,89.2,34.0,3.8,88.8
2023-11-28,94.2,92.3,7.19,537,1.04,158,170,399,7.17,494,3.17,13.5,12.3,49.7,92.8,87.5,35.3,3.3,90.7
2023-11-29,82.3,78.8,7.05,486,0.75,121,225,437,7.08,446,2.08,8.2,10.6,49.4,95.3,88.7,45.8,2.0,95.7
2023-11-30,84.6,81.4,6.83,504,0.71,136,244,450,6.89,461,2.91,11.2,9.2,46.3,96.2,89.7,45.9,2.6,94.3
2023-12-01,80.9,78.1,7.1,517,0.6,141,220,445,7.12,469,2.7,8.5,15.3,47.7,93.0,89.3,52.9,2.8,94.8
2023-12-02,88.2,85.2,7.01,499,0.79,127,167,343,7.06,454,2.93,9.6,11.6,53.3,93.1,84.5,35.2,2.8,91.9
2023-12-03,92.3,89.1,7.24,463,0.81,142,205,383,7.4,425,2.51,12.8,13.5,47.6,93.4,87.6,43.0,2.0,95.3
2023-12-04,95.5,93.4,7.25,504,0.59,127,199,372,7.25,458,2.37,11.1,9.1,53.8,95.4,85.5,45.4,4.4,90.4
2023-12-05,89.4,87.0,7.26,472,0.84,152,212,404,7.18,419,2.76,6.4,11.1,50.2,94.8,87.6,41.1,4.3,89.5
2023-12-06,95.8,93.0,6.97,497,0.8,130,185,406,7.0,443,3.36,8.0,15.0,54.5,91.9,86.6,39.5,4.1,89.7
2023-12-07,83.1,80.0,7.33,499,0.92,150,195,349,7.37,460,3.04,12.2,19.7,60.1,89.9,82.8,40.9,2.8,93.2
2023-12-08,81.7,79.7,7.1,424,0.95,168,171,384,7.13,369,2.5,9.6,7.9,59.7,95.4,84.5,44.5,2.0,95.4
2023-12-09,88.5,86.6,7.28,483,0.78,162,204,424,7.35,440,2.16,6.7,12.5,63.2,93.9,85.1,35.5,3.3,90.8
2023-12-10,90.3,88.0,6.98,450,0.61,148,170,374,6.98,417,2.03,7.4,14.1,59.7,91.7,84.0,31.7,2.3,92.7
2023-12-11,88.4,84.4,7.01,459,0.65,134,207,389,7.0,418,3.23,10.9,11.4,55.1,94.5,85.8,33.7,3.7,88.9
2023-12-12,79.8,77.5,7.09,457,1.03,152,181,464,7.11,424,2.32,11.6,15.2,49.8,91.6,89.3,45.6,1.7,96.3
2023-12-13,88.0,84.1,7.07,454,0.79,138,140,474,7.09,413,2.57,9.3,10.7,50.2,92.4,89.4,52.1,4.5,91.3
2023-12-14,82.8,79.6,7.23,499,1.03,153,211,306,7.4,435,3.23,15.0,13.4,46.4,93.6,84.8,52.5,6.0,88.6
2023-12-15,91.0,87.0,7.02,405,0.84,122,204,396,7.17,372,2.05,11.2,11.6,53.2,94.3,86.6,52.3,5.0,90.4
2023-12-16,89.6,87.0,7.21,392,0.88,162,221,506,7.17,347,3.3,8.7,16.2,58.6,92.7,88.4,35.7,2.9,91.9
2023-12-17,84.1,81.7,7.15,383,0.91,150,148,407,7.1,343,2.6,7.4,11.2,47.5,92.4,88.3,47.1,5.1,89.2
2023-12-18,85.8,82.2,7.02,478,0.59,185,177,388,7.07,424,2.24,7.1,12.1,52.9,93.2,86.4,44.9,2.5,94.5
2023-12-19,83.4,80.4,7.14,418,0.82,170,193,438,7.32,370,2.6,10.1,15.5,47.9,92.0,89.1,40.7,2.4,94.1
2023-12-20,87.5,84.6,6.98,445,0.58,159,201,393,7.08,398,2.41,8.2,10.3,54.8,94.9,86.1,38.3,1.5,96.1
2023-12-21,91.7,88.4,7.38,436,0.73,148,157,411,7.4,389,2.88,13.1,13.2,48.9,91.6,88.1,40.1,2.8,93.1
2023-12-22,83.4,79.9,6.68,410,0.87,138,196,373,6.8,372,2.44,12.7,8.3,47.4,95.8,87.3,38.6,1.9,95.1
2023-12-23,89.6,86.5,7.14,464,0.62,165,174,388,7.27,426,1.94,10.8,10.2,47.9,94.1,87.7,55.6,5.1,90.8
2023-12-24,85.2,83.0,6.8,431,0.85,146,146,395,6.87,382,2.61,6.6,14.0,57.1,90.4,85.5,43.2,4.9,88.6
2023-12-25,84.0,80.4,7.02,426,0.55,168,168,411,7.18,376,2.16,7.8,10.4,52.4,93.8,87.3,43.6,1.6,96.4
2023-12-26,86.8,83.1,7.04,440,0.94,156,194,358,7.0,400,2.78,12.2,11.6,49.9,94.0,86.1,36.4,1.8,95.1
2023-12-27,82.8,79.8,7.26,454,0.67,156,144,356,7.35,413,2.23,8.0,14.3,55.2,90.1,84.5,42.6,3.3,92.2
2023-12-28,84.8,82.9,6.95,399,0.62,159,195,300,6.98,368,2.5,11.9,11.5,50.0,94.1,83.3,40.1,4.7,88.2
2023-12-29,82.0,79.7,7.23,456,0.55,135,186,356,7.32,397,2.77,10.4,15.1,62.0,91.9,82.6,28.8,3.3,88.5
2023-12-30,95.2,92.5,6.88,473,0.68,133,174,408,6.96,435,2.62,9.4,13.6,45.6,92.2,88.8,39.5,1.8,95.5
2023-12-31,87.0,83.9,7.24,380,0.48,133,144,387,7.33,342,2.8,7.7,14.1,51.7,90.2,86.6,49.7,1.6,96.8
2024-01-01,83.8,81.3,6.98,433,0.69,166,145,328,7.1,392,2.97,9.1,16.2,42.2,88.8,87.1,39.5,4.0,89.9
2024-01-02,87.6,83.7,7.06,413,0.93,134,169,300,7.2,361,2.24,9.7,13.8,50.5,91.8,83.2,52.2,2.7,94.8
2024-01-03,86.1,83.6,7.0,444,0.74,136,152,359,7.18,397,2.67,11.7,17.0,40.1,88.8,88.8,44.3,2.5,94.4
2024-01-04,85.6,83.7,7.23,382,0.59,158,168,401,7.29,340,1.6,7.3,15.4,59.0,90.8,85.3,43.8,5.4,87.8
2024-01-05,89.0,86.4,7.2,471,0.8,145,193,343,7.23,416,2.8,8.7,11.6,59.2,94.0,82.7,45.2,4.9,89.1
2024-01-06,89.6,87.5,7.11,370,0.79,143,168,303,7.1,340,2.58,9.4,16.4,59.3,90.2,80.4,39.2,4.5,88.5
2024-01-07,84.1,81.8,6.89,409,1.06,142,166,336,6.97,375,2.31,10.8,13.7,53.4,91.7,84.1,36.4,1.2,96.6
2024-01-08,83.8,80.3,6.95,430,0.89,112,166,372,7.06,393,2.83,7.2,12.0,46.3,92.8,87.6,43.1,1.8,95.9
2024-01-09,85.0,83.1,6.91,393,0.82,134,192,407,6.89,355,3.17,6.3,13.7,47.0,92.9,88.5,41.7,3.5,91.6
2024-01-10,76.4,73.1,6.74,386,0.91,168,198,346,6.86,348,2.51,10.9,15.9,65.1,92.0,81.2,44.6,4.8,89.1
2024-01-11,79.7,77.2,7.23,419,0.75,141,179,397,7.28,375,2.32,5.8,14.2,64.4,92.1,83.8,42.6,4.2,90.2
2024-01-12,91.7,87.9,7.0,414,0.76,119,172,392,6.99,384,2.77,12.3,17.7,54.2,89.7,86.2,50.4,4.0,92.1
2024-01-13,92.8,88.7,7.0,410,1.02,133,173,306,7.01,370,2.17,8.9,15.8,49.2,90.9,83.9,50.1,3.1,93.8
2024-01-14,84.8,81.9,7.26,436,0.52,155,197,402,7.26,385,2.44,5.7,14.4,63.9,92.7,84.1,39.1,1.9,95.1
2024-01-15,88.2,84.9,6.98,395,0.92,155,177,363,6.99,349,3.19,8.2,10.3,47.8,94.2,86.8,48.5,1.9,96.1
2024-01-16,87.0,84.2,6.93,417,0.75,145,198,302,7.03,378,2.72,10.2,12.5,55.0,93.7,81.8,47.7,4.6,90.3
2024-01-17,98.6,95.6,7.02,390,0.73,138,157,419,7.13,351,1.95,8.1,13.2,63.7,91.6,84.8,58.2,5.7,90.1
2024-01-18,90.3,86.3,6.89,378,0.69,127,140,343,7.05,340,1.98,9.3,14.8,46.7,89.4,86.4,35.8,4.2,88.3
2024-01-19,85.0,81.4,7.1,395,0.79,155,150,300,7.12,363,2.76,11.0,14.7,59.7,90.2,80.1,41.8,1.1,97.4
2024-01-20,81.5,78.9,7.0,387,0.76,163,152,318,7.08,353,3.04,8.8,13.4,57.3,91.2,82.0,40.4,2.4,94.0
2024-01-21,78.7,75.8,6.98,387,0.71,170,196,307,7.0,352,2.05,7.1,13.3,52.9,93.2,82.8,43.5,3.9,91.1
2024-01-22,86.2,83.9,6.97,438,0.66,132,178,317,7.03,382,2.88,8.6,14.9,45.5,91.6,85.6,42.7,4.3,89.9
2024-01-23,82.1,79.8,7.04,392,0.48,171,148,325,7.01,349,3.23,12.6,10.8,47.5,92.7,85.4,38.6,1.2,96.8
2024-01-24,79.3,77.4,7.06,378,0.66,149,178,332,7.05,350,3.46,13.2,17.4,55.5,90.2,83.3,34.8,2.9,91.6
2024-01-25,82.5,80.2,6.98,399,0.69,150,158,329,7.09,367,2.83,4.7,7.7,42.1,95.1,87.2,33.9,3.4,90.1
2024-01-26,80.6,77.8,7.0,401,0.79,164,194,337,6.97,355,2.9,11.8,16.8,54.2,91.3,83.9,49.1,3.8,92.3
2024-01-27,92.2,89.6,7.04,370,1.06,141,152,363,7.14,340,1.85,9.9,12.9,57.4,91.5,84.2,56.6,2.2,96.2
2024-01-28,88.8,85.4,7.02,386,0.68,115,140,309,7.04,346,3.54,11.4,15.6,60.9,88.9,80.3,48.5,2.7,94.5
2024-01-29,85.0,81.8,7.05,384,0.62,161,154,385,7.0,342,2.47,8.0,13.9,42.3,91.0,89.0,46.1,3.9,91.5
2024-01-30,91.2,88.9,6.96,389,0.66,155,151,300,6.86,354,2.33,5.2,13.9,63.5,90.8,78.8,57.2,5.2,90.9
2024-01-31,85.2,82.4,7.19,417,0.79,144,140,361,7.34,386,2.6,10.6,14.4,66.4,89.7,81.6,55.6,6.4,88.4
2024-02-01,81.3,79.2,7.06,397,0.86,159,169,402,7.01,354,3.3,7.1,15.1,56.4,91.1,86.0,46.6,3.8,91.9
2024-02-02,91.2,89.0,6.98,431,0.88,163,186,328,7.04,376,3.58,6.1,12.1,45.1,93.5,86.2,42.9,2.2,94.8
2024-02-03,87.1,85.0,7.1,391,0.89,125,140,342,7.18,361,2.75,6.3,15.7,50.6,88.8,85.2,39.6,3.8,90.4
2024-02-04,80.4,78.6,7.04,448,0.92,150,176,300,7.02,390,3.1,10.7,10.2,52.8,94.2,82.4,37.4,3.3,91.1
2024-02-05,83.9,81.1,6.81,376,0.73,113,142,313,6.83,348,2.72,9.6,13.0,55.3,90.8,82.3,45.7,5.0,89.0
2024-02-06,81.0,78.0,7.1,370,1.08,148,154,395,7.19,340,2.28,11.1,15.2,53.4,90.1,86.5,37.2,1.8,95.1
2024-02-07,78.8,76.4,6.91,407,0.72,144,152,362,6.98,377,3.29,10.8,15.6,55.4,89.7,84.7,37.8,4.1,89.1
2024-02-08,88.5,85.4,7.18,432,0.79,157,153,348,7.21,381,2.45,8.3,14.2,52.5,90.7,84.9,35.5,2.3,93.5
2024-02-09,92.6,89.8,7.02,370,0.96,132,164,300,7.09,340,3.31,9.1,12.0,55.3,92.7,81.6,40.5,1.8,95.6
2024-02-10,78.7,76.5,7.16,381,0.85,143,140,302,7.21,342,3.22,8.1,15.3,49.6,89.1,83.6,60.6,5.4,91.1
2024-02-11,86.9,84.5,6.96,370,0.43,98,180,400,6.96,340,2.95,8.8,11.3,50.6,93.7,87.4,49.7,2.0,96.0
2024-02-12,81.8,78.9,7.06,391,0.77,158,163,346,7.19,347,3.43,7.1,17.6,48.7,89.2,85.9,52.0,2.9,94.4
2024-02-13,82.4,79.1,7.22,387,0.9,148,170,351,7.29,358,3.59,10.2,12.8,68.2,92.5,80.6,43.7,2.7,93.8
2024-02-14,82.0,79.2,7.01,429,0.57,151,140,336,6.96,394,2.63,11.8,9.0,64.6,93.6,80.8,38.5,2.9,92.4
2024-02-15,80.8,77.5,6.97,382,0.88,126,140,304,7.06,347,2.38,7.4,9.9,57.5,92.9,81.1,42.0,0.9,98.0
2024-02-16,84.6,82.7,7.14,429,0.83,156,177,342,7.16,377,1.95,12.2,13.1,63.5,92.6,81.4,44.1,2.1,95.2
2024-02-17,80.9,78.0,7.14,375,0.95,176,140,300,7.18,342,3.6,9.6,13.4,59.4,90.4,80.2,51.6,5.2,90.0
2024-02-18,85.5,82.0,6.97,414,0.67,147,154,300,7.03,378,2.52,9.9,18.1,54.6,88.2,81.8,38.0,2.2,94.2
2024-02-19,84.2,80.4,6.77,392,0.92,160,173,300,6.8,351,3.15,5.4,10.3,41.5,94.0,86.2,42.5,5.0,88.3
2024-02-20,83.4,81.0,6.96,440,0.79,136,148,335,7.13,407,2.4,5.1,13.1,51.2,91.1,84.7,49.2,4.7,90.5
2024-02-21,80.5,78.2,7.14,370,1.03,148,175,300,7.12,340,3.32,9.6,10.2,50.6,94.2,83.1,44.5,2.6,94.1
2024-02-22,81.9,78.9,6.94,370,1.19,125,145,332,7.0,340,2.42,11.1,11.7,44.4,91.9,86.6,44.2,1.7,96.1
2024-02-23,87.5,83.7,7.05,442,1.0,162,140,300,7.13,386,2.22,7.8,17.4,41.6,87.6,86.1,45.4,4.2,90.7
2024-02-24,86.4,83.4,6.96,370,0.84,152,158,300,7.02,340,2.62,13.1,10.0,57.0,93.7,81.0,61.4,1.6,97.4
2024-02-25,80.2,77.2,6.78,370,1.12,130,155,379,6.83,340,2.49,11.0,14.5,55.7,90.6,85.3,46.7,1.9,96.0
2024-02-26,84.7,82.4,6.96,370,0.86,137,207,328,6.99,340,2.94,7.2,14.0,44.1,93.2,86.6,47.4,3.2,93.2
2024-02-27,87.5,84.9,7.14,420,0.63,150,140,300,7.16,369,2.68,9.4,12.9,47.4,90.8,84.2,42.6,4.4,89.6
2024-02-28,77.3,74.5,6.72,370,0.76,164,145,334,6.8,340,2.95,15.0,14.4,62.3,90.1,81.3,47.7,3.1,93.6
2024-02-29,86.6,83.2,7.09,384,0.88,173,140,300,7.21,340,2.58,6.4,10.0,46.4,92.9,84.5,40.8,4.3,89.6
2024-03-01,81.5,79.9,6.88,375,0.89,147,148,342,6.92,340,2.43,10.5,17.3,54.5,88.3,84.1,54.0,6.0,88.9
2024-03-02,86.7,83.8,7.14,417,0.6,128,147,371,7.32,368,2.47,8.6,18.0,51.7,87.8,86.1,61.4,2.1,96.6
2024-03-03,81.1,78.9,7.15,370,0.61,153,140,353,7.25,340,3.52,10.9,13.1,57.1,90.6,83.8,45.0,2.5,94.4
2024-03-04,76.8,73.6,7.03,397,0.72,178,161,413,6.93,366,2.79,12.2,19.3,46.5,88.0,88.7,37.1,3.6,90.3
2024-03-05,77.5,75.0,7.03,370,0.85,124,146,300,7.14,340,1.91,8.4,12.0,53.9,91.8,82.0,54.5,3.0,94.5
2024-03-06,84.6,80.8,6.94,457,0.87,134,179,332,6.99,417,2.49,11.9,14.0,54.5,92.2,83.6,40.8,2.6,93.5
2024-03-07,85.5,82.7,6.86,377,0.79,159,140,300,6.84,340,2.74,14.4,16.7,55.0,88.1,81.7,55.3,3.0,94.6
2024-03-08,80.6,78.9,7.29,385,0.64,152,190,321,7.4,343,3.44,9.5,11.8,53.8,93.8,83.2,38.9,1.3,96.5
2024-03-09,87.1,84.0,6.93,438,1.03,141,157,328,6.96,393,3.11,11.1,9.4,55.9,94.0,83.0,46.3,5.0,89.2
2024-03-10,77.4,74.0,7.27,370,0.61,153,178,419,7.3,340,2.33,7.9,8.8,70.3,95.1,83.2,40.9,3.2,92.3
2024-03-11,84.2,80.4,6.93,439,0.97,165,154,326,7.01,385,3.67,9.3,18.4,73.2,88.1,77.5,53.0,5.8,89.0
2024-03-12,79.4,76.6,7.12,373,0.88,148,140,326,7.25,343,2.69,8.9,11.6,48.2,91.7,85.2,58.7,6.3,89.3
2024-03-13,81.7,78.4,6.89,408,0.96,147,147,369,6.96,377,3.2,11.1,12.5,35.1,91.5,90.5,47.7,5.6,88.3
2024-03-14,84.7,80.9,7.12,370,0.7,159,140,327,7.19,340,2.24,12.1,10.1,57.8,92.8,82.3,53.6,5.6,89.7
2024-03-15,80.9,78.8,7.0,370,0.75,145,150,403,7.02,340,1.74,9.0,15.5,54.7,89.7,86.4,36.0,4.3,88.2
2024-03-16,82.9,80.2,7.01,401,0.78,168,157,357,7.13,371,2.14,12.8,11.0,61.5,93.0,82.8,43.5,3.0,93.0
2024-03-17,88.8,85.5,7.14,408,0.7,182,154,364,7.2,356,1.6,12.8,11.7,55.4,92.4,84.8,51.8,5.6,89.2
2024-03-18,82.2,80.3,6.98,370,0.8,135,182,300,7.03,340,3.54,11.2,13.8,53.7,92.4,82.1,54.2,2.5,95.3
2024-03-19,88.2,84.4,6.85,379,1.01,129,151,411,6.89,351,2.79,8.1,10.2,62.0,93.2,84.9,42.6,3.9,90.8
2024-03-20,79.9,78.2,7.16,428,0.58,155,140,306,7.28,397,2.33,7.9,12.5,63.1,91.1,79.4,49.6,4.8,90.3
2024-03-21,86.9,83.7,6.89,409,0.67,129,229,333,6.93,367,2.88,7.4,16.6,42.4,92.8,87.3,39.3,4.1,89.5
2024-03-22,90.8,88.7,7.12,378,0.66,129,141,308,7.24,340,2.78,11.5,14.1,46.8,90.0,84.8,41.2,2.0,95.1
2024-03-23,74.4,72.2,7.19,372,0.76,117,176,300,7.22,340,2.95,6.5,13.3,52.4,92.4,82.5,52.3,4.0,92.4
2024-03-24,81.5,79.5,7.0,454,0.75,143,140,300,7.1,419,3.18,10.9,13.6,54.0,90.3,82.0,47.0,2.7,94.3
2024-03-25,87.3,85.5,7.22,370,0.89,149,162,340,7.29,342,2.58,6.8,12.0,51.4,92.6,84.9,43.7,4.3,90.1
2024-03-26,84.0,80.9,7.12,391,0.78,141,140,300,7.12,354,2.35,11.2,18.2,56.6,87.0,81.1,37.3,3.2,91.3
2024-03-27,86.5,84.7,6.95,370,0.82,172,140,327,7.01,340,3.03,9.3,10.9,61.0,92.2,81.3,50.1,4.3,91.4
2024-03-28,82.4,79.5,7.25,437,0.83,171,152,380,7.17,399,3.02,12.4,13.5,66.6,91.1,82.5,47.2,3.2,93.2
2024-03-29,85.4,82.4,6.89,395,0.81,180,157,364,6.91,359,2.74,11.9,13.3,57.7,91.5,84.1,42.1,3.2,92.5
2024-03-30,84.4,81.3,7.0,402,0.88,150,154,357,6.96,369,3.57,12.6,15.6,46.6,89.9,86.9,45.7,4.0,91.3
2024-03-31,90.0,87.2,7.02,486,0.75,168,165,304,7.2,442,2.52,12.7,15.9,52.1,90.4,82.9,50.0,4.1,91.9
2024-04-01,86.2,82.7,7.13,379,1.02,154,154,300,7.1,341,2.34,9.6,12.9,52.6,91.6,82.5,54.9,6.4,88.4
2024-04-02,86.6,83.9,7.21,455,1.15,153,162,383,7.4,402,2.87,6.6,13.8,57.2,91.5,85.1,47.9,2.3,95.2
2024-04-03,83.5,80.9,7.2,387,0.88,142,165,325,7.29,353,2.43,6.9,13.9,56.2,91.6,82.7,40.1,3.1,92.4
2024-04-04,83.3,81.1,7.08,393,0.8,113,161,340,7.11,353,2.9,4.5,7.1,69.2,95.6,79.6,40.3,4.0,90.1
2024-04-05,83.6,81.6,7.01,486,0.86,160,159,336,7.12,431,2.37,6.8,8.9,49.6,94.4,85.2,41.0,1.9,95.3
2024-04-06,87.1,84.1,6.79,397,0.6,168,144,372,6.82,364,2.54,9.5,11.4,56.2,92.1,84.9,36.3,2.0,94.6
2024-04-07,83.7,80.6,6.87,370,0.8,125,176,420,6.84,340,3.46,8.0,11.5,71.6,93.5,83.0,41.9,1.4,96.7
2024-04-08,86.8,83.4,7.3,413,0.66,149,158,406,7.36,382,2.54,8.9,9.9,48.6,93.7,88.0,47.7,3.0,93.7
2024-04-09,94.3,90.5,6.79,400,0.85,165,157,300,6.89,351,2.38,10.4,14.9,54.3,90.5,81.9,51.9,3.3,93.7
2024-04-10,89.3,85.4,6.94,418,0.66,144,176,337,7.08,379,3.17,8.6,13.0,45.8,92.6,86.4,34.6,1.8,94.7
2024-04-11,84.4,81.3,7.21,403,0.72,169,171,300,7.3,356,2.28,6.7,12.4,53.8,92.7,82.1,45.0,1.8,96.0
2024-04-12,90.9,87.4,7.08,479,0.49,147,152,389,7.11,442,2.42,9.2,9.7,47.1,93.6,87.9,41.8,3.3,92.1
2024-04-13,84.2,82.4,7.18,427,0.59,141,194,353,7.32,374,2.93,7.2,12.9,61.4,93.4,82.6,40.1,2.7,93.2
2024-04-14,77.4,75.0,7.13,376,0.82,170,144,378,7.26,341,3.08,8.7,6.2,54.3,95.7,85.6,46.8,2.5,94.6
2024-04-15,81.8,78.8,7.26,416,0.64,135,148,339,7.33,381,3.19,12.4,12.6,45.9,91.5,86.5,46.0,5.7,87.6
2024-04-16,78.2,75.8,7.09,387,0.93,138,184,314,7.22,344,2.4,8.7,13.2,59.8,92.8,81.0,50.5,2.0,96.1
2024-04-17,84.7,81.1,7.14,406,0.63,135,208,322,7.33,376,2.94,13.4,13.6,54.6,93.5,83.0,32.4,1.5,95.3
2024-04-18,86.3,83.4,6.95,386,0.84,131,159,300,6.98,355,2.51,12.6,8.9,60.6,94.4,79.8,45.1,4.8,89.4
2024-04-19,93.3,90.6,7.13,484,0.66,152,181,309,7.14,429,2.46,8.0,13.6,44.2,92.5,85.7,40.1,1.8,95.5
2024-04-20,87.7,84.8,6.99,395,0.83,141,148,302,7.02,343,3.18,6.7,10.3,56.1,93.0,81.4,59.8,6.7,88.8
2024-04-21,85.5,82.5,6.99,441,0.54,157,154,320,6.97,391,2.48,9.2,10.9,59.2,92.9,81.5,45.8,4.9,89.3
2024-04-22,90.0,88.2,7.18,410,0.7,122,199,319,7.27,363,2.81,12.0,14.9,49.9,92.5,84.4,47.4,4.8,90.0
2024-04-23,77.3,75.5,7.18,384,0.64,132,183,380,7.14,354,2.76,8.2,18.2,43.4,90.1,88.6,34.2,1.6,95.3
2024-04-24,87.6,85.1,7.29,429,0.9,150,201,380,7.4,398,2.27,11.4,13.1,52.9,93.5,86.1,45.3,5.2,88.6
2024-04-25,90.0,87.2,7.28,437,0.84,173,200,383,7.3,382,3.09,12.1,10.9,62.8,94.6,83.6,36.8,2.0,94.5
2024-04-26,80.6,78.2,7.18,443,0.59,156,140,415,7.32,397,2.92,7.5,13.5,62.0,90.4,85.1,53.8,2.3,95.6
2024-04-27,91.7,88.0,6.81,370,0.74,140,154,366,6.8,340,1.91,7.7,15.4,49.9,90.0,86.4,49.8,4.9,90.1
2024-04-28,88.4,85.3,7.31,388,0.65,126,186,339,7.34,340,2.81,10.9,14.6,43.2,92.2,87.3,44.4,1.5,96.6
2024-04-29,85.3,81.5,7.18,460,0.91,139,145,461,7.16,410,2.39,9.6,20.1,49.8,86.1,89.2,34.1,3.0,91.2
2024-04-30,89.8,86.8,6.94,401,0.96,149,160,410,7.08,356,3.14,7.7,11.1,49.5,93.1,87.9,47.7,2.3,95.2
2024-05-01,96.7,93.7,7.15,438,0.55,112,213,381,7.31,395,2.12,8.5,13.7,56.7,93.6,85.1,53.2,5.9,88.9
2024-05-02,88.1,84.6,6.9,393,0.89,130,172,379,6.82,357,2.56,9.1,17.0,52.4,90.1,86.2,50.4,2.1,95.8
2024-05-03,88.4,86.6,7.14,458,0.65,138,199,389,7.25,417,2.84,5.7,16.9,47.3,91.5,87.8,44.7,4.7,89.6
2024-05-04,85.5,83.6,6.87,466,0.73,145,185,371,6.99,409,2.72,11.1,7.9,61.8,95.7,83.3,47.2,3.8,91.9
2024-05-05,84.0,81.7,6.94,461,0.77,149,172,385,7.02,423,3.01,8.2,13.0,54.3,92.4,85.9,29.9,2.9,90.4
2024-05-06,91.1,88.2,7.15,472,1.04,140,152,402,7.24,429,2.09,4.0,16.9,56.6,88.9,85.9,46.6,2.1,95.5
2024-05-07,84.1,82.2,7.2,490,0.62,158,193,354,7.29,452,3.36,9.2,20.5,39.7,89.4,88.8,56.0,5.2,90.7
2024-05-08,88.1,84.4,7.1,404,0.9,151,220,319,7.21,362,2.91,7.6,14.8,34.3,93.3,89.2,50.9,5.8,88.6
2024-05-09,85.9,83.7,7.01,418,0.59,144,177,303,7.0,386,3.24,13.2,12.0,42.0,93.2,86.1,51.0,4.1,92.0
2024-05-10,90.0,86.2,6.75,473,0.58,160,193,423,6.89,436,3.05,8.0,10.4,49.5,94.6,88.3,47.3,2.4,95.0
2024-05-11,89.5,87.2,7.02,482,0.77,158,160,326,7.09,432,2.7,6.8,18.8,57.7,88.2,82.3,53.3,5.0,90.6
2024-05-12,92.5,89.0,7.12,426,0.77,126,179,409,7.19,380,2.19,10.5,14.9,34.9,91.7,91.5,39.5,3.8,90.4
2024-05-13,86.1,84.1,7.01,425,0.35,149,201,346,7.1,393,2.47,7.8,10.8,65.6,94.6,81.0,47.2,1.8,96.1
2024-05-14,87.2,85.3,7.05,430,0.94,164,211,348,7.03,392,3.34,7.5,12.5,54.5,94.1,84.3,54.7,2.9,94.7
2024-05-15,84.3,80.8,7.02,401,0.45,166,208,366,6.99,371,3.25,10.5,13.8,63.8,93.4,82.6,57.9,4.9,91.5
2024-05-16,86.6,83.7,7.0,413,0.75,155,155,404,7.06,379,2.45,6.9,14.4,46.3,90.7,88.5,53.9,5.7,89.4
2024-05-17,90.2,88.3,7.06,415,0.97,146,189,346,7.21,376,1.6,5.9,10.7,57.1,94.3,83.5,44.0,5.0,88.6
2024-05-18,91.9,88.8,7.01,447,1.1,156,179,375,7.0,391,2.61,13.3,11.4,53.9,93.6,85.6,45.1,4.0,91.2
2024-05-19,84.9,82.9,7.25,467,0.72,162,194,400,7.32,414,2.58,10.6,8.7,59.6,95.5,85.1,50.0,4.3,91.5
2024-05-20,92.5,89.7,6.74,473,0.56,151,199,354,6.8,439,2.6,8.7,15.7,51.4,92.1,85.5,45.1,4.2,90.8
2024-05-21,94.7,91.3,6.97,445,0.96,153,225,461,6.98,395,2.91,9.3,12.1,56.9,94.6,87.7,46.1,3.0,93.5
2024-05-22,90.8,87.4,6.93,447,0.9,146,209,337,7.02,391,3.05,10.5,14.2,61.8,93.2,81.7,39.1,4.0,89.6
2024-05-23,97.0,93.2,7.08,468,0.7,128,234,398,7.19,427,3.1,11.5,16.7,48.1,92.9,87.9,55.8,5.4,90.3
2024-05-24,86.0,83.8,7.06,418,0.68,147,191,460,7.07,382,2.88,7.6,13.6,55.1,92.9,88.0,34.9,1.0,97.3
2024-05-25,84.1,81.1,7.28,498,0.66,139,177,357,7.4,441,1.98,10.1,12.7,38.5,92.8,89.2,45.1,3.5,92.3
2024-05-26,82.0,79.3,7.32,510,0.72,139,238,407,7.4,452,2.56,8.1,13.5,58.7,94.3,85.6,46.3,2.4,94.8
2024-05-27,95.8,92.7,6.94,450,0.82,172,218,419,6.99,404,3.62,8.9,13.2,68.4,93.9,83.7,38.0,2.1,94.4
2024-05-28,92.4,89.5,7.05,459,0.69,165,194,383,7.13,399,2.85,9.7,16.2,43.5,91.6,88.6,40.9,4.0,90.1
2024-05-29,89.5,87.4,7.08,513,0.7,122,220,413,7.26,470,2.85,9.3,13.8,52.5,93.7,87.3,52.3,3.5,93.3
2024-05-30,91.0,89.1,6.94,471,0.87,132,229,441,7.04,418,2.84,11.0,11.6,60.1,94.9,86.4,41.4,4.8,88.5
2024-05-31,85.2,82.2,7.14,495,0.55,144,215,401,7.16,456,2.87,10.4,15.7,53.4,92.7,86.7,46.4,5.9,87.2
2024-06-01,100.2,97.8,7.02,475,0.71,139,198,452,7.08,436,1.75,5.8,16.2,54.5,91.8,87.9,54.9,5.5,90.1
2024-06-02,90.6,88.3,6.9,529,0.52,155,205,438,6.97,481,2.6,6.2,9.5,50.2,95.4,88.5,56.2,3.2,94.2
2024-06-03,90.6,87.8,7.01,497,0.79,130,222,401,7.11,442,2.68,8.4,17.0,49.9,92.3,87.6,59.8,1.5,97.5
2024-06-04,93.3,91.3,6.91,500,0.48,165,221,471,6.98,450,3.21,13.5,13.9,52.5,93.7,88.9,48.3,4.3,91.2
2024-06-05,92.4,88.7,7.2,502,0.9,149,243,398,7.37,450,2.72,7.3,13.7,53.5,94.4,86.6,57.0,2.8,95.1
2024-06-06,91.4,87.5,7.32,468,0.57,144,213,463,7.36,416,2.04,8.8,15.6,44.0,92.7,90.5,48.2,1.7,96.4
2024-06-07,87.2,85.1,7.08,473,0.5,149,200,401,7.04,435,2.87,8.1,11.5,52.7,94.2,86.9,55.3,2.7,95.1
2024-06-08,92.6,89.5,7.07,514,0.72,143,275,419,7.14,462,2.38,8.0,15.5,65.4,94.4,84.4,51.1,1.0,98.0
2024-06-09,98.6,96.3,7.07,494,1.03,117,225,427,7.1,454,2.21,9.7,12.0,49.9,94.7,88.3,61.0,2.3,96.2
2024-06-10,96.5,94.3,7.22,454,0.88,150,240,449,7.19,397,2.37,12.5,9.2,43.5,96.2,90.3,51.2,3.7,92.7
2024-06-11,97.6,93.3,7.21,553,0.48,144,235,340,7.23,485,2.92,10.3,10.4,52.0,95.6,84.7,54.3,6.5,87.9
2024-06-12,88.8,86.8,7.03,526,0.57,134,229,456,7.07,488,3.2,7.5,14.5,47.6,93.7,89.6,56.9,2.7,95.3
2024-06-13,86.9,84.0,7.09,498,0.71,167,221,435,7.21,450,2.89,15.6,10.5,42.8,95.2,90.2,52.6,6.2,88.2
2024-06-14,90.6,87.7,7.14,489,1.11,160,168,452,7.11,440,2.95,9.5,17.2,54.3,89.8,88.0,52.7,4.1,92.1
2024-06-15,91.5,88.8,6.89,506,0.63,189,205,463,6.97,456,2.89,8.0,16.1,47.7,92.1,89.7,58.2,4.8,91.8
2024-06-16,95.9,93.8,7.22,518,0.63,163,236,460,7.4,457,2.74,12.5,16.5,48.3,93.0,89.5,58.0,3.5,94.0
2024-06-17,84.3,80.6,7.29,437,1.0,139,173,365,7.34,399,2.98,8.2,13.3,54.4,92.3,85.1,54.2,2.5,95.4
2024-06-18,97.9,94.7,7.21,571,0.8,135,232,404,7.26,499,1.73,13.1,13.7,41.2,94.1,89.8,52.8,4.9,90.8
2024-06-19,90.9,88.4,6.88,480,0.93,142,246,462,6.98,434,2.74,7.3,9.9,39.6,96.0,91.4,52.1,1.7,96.8
2024-06-20,89.9,87.5,6.77,507,0.66,139,250,458,6.87,458,2.28,12.6,15.6,58.4,93.8,87.2,65.6,3.7,94.4
2024-06-21,87.5,85.1,7.15,509,0.75,151,246,420,7.29,470,3.17,9.8,14.0,38.1,94.3,90.9,75.9,8.6,88.7
2024-06-22,84.9,81.4,6.94,574,0.97,125,255,482,6.99,517,2.64,12.3,14.5,45.6,94.3,90.5,59.1,4.1,93.1
2024-06-23,95.4,91.8,7.09,508,0.75,160,269,444,7.19,446,2.71,13.7,17.4,39.2,93.5,91.2,52.5,5.4,89.7
2024-06-24,92.3,89.0,7.26,563,0.94,151,259,491,7.37,509,2.1,6.7,11.4,49.4,95.6,89.9,46.4,5.2,88.7
2024-06-25,86.7,84.5,6.96,527,0.83,158,242,505,7.0,461,3.11,12.2,12.7,56.5,94.8,88.8,50.6,3.8,92.6
2024-06-26,86.8,83.5,7.0,484,0.61,131,235,469,7.05,426,2.95,6.1,13.8,54.1,94.1,88.5,55.3,2.2,96.0
2024-06-27,90.9,87.3,7.09,521,0.77,153,242,482,7.15,454,2.92,6.9,10.6,71.9,95.6,85.1,50.8,4.1,91.8
2024-06-28,99.4,97.3,6.87,514,0.92,170,234,437,6.85,463,2.37,7.5,12.5,61.7,94.7,85.9,49.3,4.0,91.8
2024-06-29,91.3,87.3,6.94,485,0.87,136,264,498,6.98,424,2.39,10.5,14.3,45.9,94.6,90.8,48.6,3.9,92.0
2024-06-30,86.2,84.5,7.05,532,0.76,135,254,472,7.2,477,2.79,9.4,12.2,43.9,95.2,90.7,49.8,2.8,94.4
2024-07-01,91.6,89.0,7.01,523,0.49,161,235,453,7.13,484,2.42,8.9,16.4,74.3,93.0,83.6,55.2,2.6,95.3
2024-07-02,91.5,89.3,7.14,541,0.5,134,271,417,7.16,494,2.87,9.6,9.1,61.5,96.6,85.3,59.0,4.4,92.6
2024-07-03,81.4,78.4,7.44,531,0.53,146,238,448,7.4,464,1.84,10.7,15.9,57.8,93.3,87.1,49.1,4.5,90.9
2024-07-04,92.6,88.5,7.06,505,0.69,173,225,424,7.18,446,2.5,10.8,14.7,53.8,93.5,87.3,40.1,1.9,95.2
2024-07-05,91.9,89.5,6.93,552,0.71,136,246,500,7.02,502,3.42,11.8,11.5,55.3,95.3,88.9,61.8,5.5,91.1
2024-07-06,95.9,93.6,7.25,508,0.55,174,230,520,7.36,469,2.88,13.5,10.6,41.6,95.4,92.0,63.7,6.8,89.3
2024-07-07,100.8,98.1,6.83,430,0.92,144,267,509,6.92,374,2.77,9.3,7.6,54.4,97.2,89.3,56.3,6.5,88.4
2024-07-08,97.9,93.8,6.86,535,0.58,132,231,520,6.93,491,3.49,8.1,10.9,53.8,95.3,89.7,64.3,7.0,89.2
2024-07-09,92.1,89.7,6.97,514,0.56,159,247,456,7.02,464,1.77,10.7,15.7,46.1,93.6,89.9,41.8,2.9,93.1
2024-07-10,88.6,86.3,7.01,545,0.78,151,270,500,7.0,492,2.37,6.7,12.9,49.0,95.2,90.2,54.9,3.6,93.4
2024-07-11,104.1,101.2,6.96,580,0.92,150,236,430,7.06,520,2.54,7.7,16.0,65.0,93.2,84.9,57.6,4.2,92.7
2024-07-12,93.6,91.2,7.05,580,1.08,137,260,470,7.09,520,3.04,11.6,11.4,52.2,95.6,88.9,59.9,6.5,89.2
2024-07-13,93.5,91.3,7.09,531,0.86,151,232,420,7.05,489,3.05,9.0,14.8,69.4,93.6,83.5,62.0,5.5,91.1
2024-07-14,93.4,90.7,7.2,511,1.01,116,258,503,7.23,455,2.35,6.5,11.1,39.6,95.7,92.1,51.7,4.9,90.6
2024-07-15,94.4,90.4,7.06,557,0.59,153,266,467,7.17,503,3.1,5.9,10.5,49.1,96.1,89.5,50.4,4.0,92.1
2024-07-16,93.1,90.0,6.97,528,1.09,170,254,401,6.92,478,2.54,9.4,12.7,41.1,95.0,89.8,59.5,5.8,90.2
2024-07-17,91.3,87.4,7.19,553,0.49,121,256,456,7.19,491,3.18,11.9,11.3,43.8,95.6,90.4,55.1,5.0,90.9
2024-07-18,91.5,88.3,6.94,521,0.69,143,265,520,7.0,471,2.29,11.9,9.0,46.7,96.6,91.0,57.3,5.3,90.8
2024-07-19,93.7,90.4,6.82,551,0.85,136,251,502,6.97,487,2.65,9.6,12.5,55.7,95.0,88.9,52.2,3.5,93.2
2024-07-20,91.6,87.6,7.22,518,0.53,125,276,517,7.34,455,2.5,13.9,13.3,55.3,95.2,89.3,58.3,4.3,92.6
2024-07-21,91.0,87.7,7.21,580,0.63,117,287,493,7.36,517,3.12,9.1,16.3,47.9,94.3,90.3,56.1,5.6,90.0
2024-07-22,94.5,90.5,6.94,527,0.61,131,239,481,7.01,481,2.49,9.0,15.4,35.8,93.6,92.6,44.4,3.5,92.0
2024-07-23,93.0,90.7,6.99,568,0.72,146,290,490,7.04,520,2.68,4.0,16.2,64.7,94.4,86.8,57.0,3.1,94.6
2024-07-24,100.4,98.3,6.92,507,0.98,168,253,500,7.03,455,2.9,8.3,14.9,51.0,94.1,89.8,58.4,6.0,89.6
2024-07-25,83.0,79.5,7.1,573,0.77,125,290,447,7.1,520,2.92,11.3,13.9,44.5,95.2,90.0,44.5,4.8,89.1
2024-07-26,98.8,96.7,7.29,518,0.7,154,255,520,7.29,453,3.05,12.9,9.8,55.3,96.2,89.4,46.5,1.6,96.6
2024-07-27,99.5,96.3,7.15,558,0.34,153,276,520,7.14,515,2.78,7.4,13.4,54.8,95.1,89.5,50.9,2.2,95.8
2024-07-28,85.6,82.4,7.2,580,0.84,176,277,486,7.32,520,2.53,10.4,14.6,50.7,94.7,89.6,51.7,5.7,88.9
2024-07-29,92.9,88.9,7.16,545,0.89,159,254,474,7.17,499,2.56,11.7,16.8,54.4,93.4,88.5,58.4,3.1,94.7
2024-07-30,92.9,89.8,7.05,519,0.51,160,265,466,7.17,476,2.71,9.3,14.8,44.2,94.4,90.5,41.0,1.3,96.8
2024-07-31,88.5,86.3,7.2,569,0.76,161,290,520,7.27,503,2.8,4.0,16.2,59.1,94.4,88.6,60.4,3.7,93.8
2024-08-01,91.2,88.7,7.15,527,0.8,135,257,479,7.28,475,2.64,9.9,10.3,45.4,96.0,90.5,41.8,1.9,95.5
2024-08-02,89.9,85.9,7.25,542,0.91,140,256,520,7.25,502,2.71,11.1,12.2,48.5,95.2,90.7,47.8,4.4,90.9
2024-08-03,101.9,97.5,6.99,564,0.66,167,241,491,7.01,493,2.09,7.1,14.1,58.3,94.1,88.1,50.7,3.6,92.9
2024-08-04,98.5,95.1,6.81,580,0.64,117,290,489,6.89,520,2.97,8.7,16.0,62.6,94.5,87.2,44.2,1.9,95.7
2024-08-05,100.0,96.2,7.2,557,0.7,139,256,469,7.23,516,2.77,6.6,12.6,65.6,95.1,86.0,64.5,3.6,94.4
2024-08-06,97.7,93.9,7.1,558,0.96,128,290,461,7.01,495,3.1,4.0,12.8,61.4,95.6,86.7,61.6,2.6,95.8
2024-08-07,90.0,86.6,7.01,580,0.93,153,254,520,6.99,520,2.7,11.7,14.8,50.7,94.2,90.2,65.9,3.5,94.6
2024-08-08,92.6,90.2,7.02,560,0.77,143,290,461,7.01,518,2.0,9.3,10.1,41.2,96.5,91.1,48.7,5.4,89.0
2024-08-09,96.8,94.7,7.41,579,0.92,160,284,520,7.4,520,2.56,13.0,17.2,64.2,93.9,87.7,57.6,4.7,91.8
2024-08-10,89.7,86.6,6.96,580,0.41,148,263,506,7.06,512,2.62,11.3,10.7,63.9,95.9,87.4,36.1,1.2,96.7
2024-08-11,97.8,95.7,6.93,549,0.89,125,252,520,7.01,488,3.0,8.5,8.0,48.0,96.8,90.8,49.7,3.4,93.1
2024-08-12,93.9,90.4,7.06,455,0.6,126,254,479,7.13,396,1.87,9.1,13.0,60.4,94.9,87.4,41.4,1.8,95.6
2024-08-13,93.3,90.2,7.22,534,1.04,149,254,520,7.4,491,2.72,10.6,17.4,50.6,93.1,90.3,51.2,3.1,94.0
2024-08-14,97.9,94.1,7.37,580,0.61,137,290,498,7.4,520,2.91,11.5,14.5,64.9,95.0,87.0,53.3,2.9,94.5
2024-08-15,96.8,94.0,7.14,560,0.64,141,272,520,7.25,508,2.44,10.0,15.0,49.2,94.5,90.5,53.7,2.4,95.5
2024-08-16,93.4,91.5,6.87,551,0.85,165,246,440,6.84,491,2.73,11.8,13.1,68.6,94.7,84.4,47.5,4.0,91.6
2024-08-17,99.9,96.9,7.33,580,0.87,162,264,520,7.39,507,2.45,8.6,12.6,59.3,95.2,88.6,58.3,1.7,97.0
2024-08-18,90.5,87.2,7.05,559,0.7,178,267,500,7.13,511,2.41,7.0,9.0,67.2,96.6,86.6,40.9,3.5,91.4
2024-08-19,97.6,94.8,6.93,495,0.83,144,225,514,6.97,452,2.54,9.2,7.1,49.6,96.8,90.4,55.4,1.6,97.2
2024-08-20,97.5,93.4,6.9,514,0.84,139,266,481,7.06,475,2.42,9.8,13.5,56.4,94.9,88.3,66.8,6.6,90.1
2024-08-21,93.7,91.6,7.17,576,0.83,156,285,443,7.23,520,2.97,6.5,16.4,45.6,94.2,89.7,54.3,3.1,94.3
2024-08-22,96.4,93.3,7.08,561,0.71,141,267,485,7.07,515,2.41,6.2,13.9,59.8,94.8,87.7,71.8,7.4,89.7
2024-08-23,89.8,86.8,7.1,580,0.85,141,276,492,7.1,520,2.34,10.3,14.6,60.2,94.7,87.8,53.6,2.4,95.5
2024-08-24,98.9,95.9,7.23,540,0.98,146,281,514,7.4,490,3.41,8.4,17.1,71.9,93.9,86.0,47.2,4.0,91.6
2024-08-25,94.3,91.5,6.94,553,0.59,176,263,520,6.97,495,3.08,8.9,13.9,57.0,94.7,89.0,56.9,5.0,91.3
2024-08-26,92.9,88.9,7.24,535,0.64,161,286,514,7.18,494,1.96,8.5,12.7,58.8,95.6,88.6,53.3,5.9,88.9
2024-08-27,99.5,96.7,6.98,547,0.77,162,290,515,7.0,497,2.39,12.8,10.9,49.5,96.2,90.4,54.8,5.6,89.7
2024-08-28,92.1,88.5,7.35,503,0.61,175,238,520,7.3,449,2.8,12.2,18.3,57.4,92.3,89.0,49.9,2.2,95.6
2024-08-29,89.2,86.7,7.13,551,0.5,164,263,436,7.25,482,2.83,6.5,14.4,50.2,94.5,88.5,46.0,3.4,92.5
2024-08-30,88.5,86.4,6.92,562,0.93,131,290,440,6.86,498,2.1,8.1,10.5,54.1,96.4,87.7,45.9,4.6,90.1
2024-08-31,97.6,95.2,6.77,559,0.44,164,274,447,6.8,504,3.16,11.3,10.0,54.6,96.4,87.8,57.2,1.8,96.8
2024-09-01,89.7,86.9,7.16,580,0.71,166,270,491,7.22,514,3.03,10.7,16.3,50.5,94.0,89.7,49.9,4.2,91.5
2024-09-02,102.4,99.2,7.0,580,0.88,160,265,431,7.12,512,2.89,9.2,10.3,53.7,96.1,87.5,46.9,2.7,94.3
2024-09-03,86.3,82.7,7.03,539,0.81,146,290,478,7.08,485,3.24,6.7,17.8,50.3,93.9,89.5,61.8,3.8,93.9
2024-09-04,102.2,99.6,7.16,497,0.71,158,250,451,7.14,437,2.88,7.7,5.8,50.2,97.7,88.9,47.9,3.5,92.6
2024-09-05,95.9,92.3,7.19,560,0.61,149,289,520,7.26,514,2.88,8.1,16.7,61.6,94.2,88.2,55.5,7.1,87.3
2024-09-06,94.6,91.5,7.22,575,0.82,134,264,520,7.25,516,3.32,9.9,14.3,54.6,94.6,89.5,50.5,3.1,93.9
2024-09-07,92.7,89.2,6.89,535,0.62,138,254,493,7.01,483,3.14,13.2,13.3,55.9,94.8,88.7,44.7,4.2,90.6
2024-09-08,96.7,92.6,7.25,536,0.81,161,265,429,7.36,471,2.36,7.7,12.5,41.8,95.3,90.3,54.3,5.4,90.0
2024-09-09,94.8,92.0,6.97,580,0.79,135,268,495,7.0,515,2.95,6.9,17.9,56.5,93.3,88.6,49.1,5.4,89.0
2024-09-10,99.6,95.2,6.73,553,0.79,137,259,517,6.84,494,2.43,9.1,14.8,57.3,94.3,88.9,50.4,4.7,90.7
2024-09-11,95.4,92.9,6.89,580,0.67,162,290,520,6.96,520,2.9,11.7,10.7,50.1,96.3,90.4,62.5,3.4,94.5
2024-09-12,95.5,92.0,7.08,531,1.08,152,253,520,7.22,486,2.89,6.0,8.5,69.5,96.6,86.6,53.4,2.8,94.7
2024-09-13,93.4,89.2,6.91,558,0.82,159,271,520,7.02,492,2.15,12.6,13.5,35.3,95.0,93.2,78.7,8.2,89.5
2024-09-14,94.6,91.6,7.04,549,0.73,130,279,509,7.13,497,2.65,8.9,13.0,59.3,95.3,88.3,57.7,1.9,96.6
2024-09-15,96.1,91.9,7.1,538,0.81,158,270,491,7.24,475,2.81,7.6,9.0,58.8,96.7,88.0,50.3,2.3,95.5
2024-09-16,87.6,84.3,7.02,580,0.65,139,284,472,7.09,520,2.53,5.6,12.9,57.4,95.5,87.8,58.3,5.7,90.1
2024-09-17,89.1,86.7,6.98,514,0.71,133,258,520,6.99,476,2.83,10.9,11.5,54.6,95.5,89.5,57.6,3.0,94.7
2024-09-18,97.9,93.6,6.87,567,1.13,141,280,507,6.95,512,3.02,8.9,13.0,57.5,95.4,88.7,55.5,2.1,96.2
2024-09-19,95.4,93.1,7.05,546,0.65,171,280,520,7.09,497,2.69,9.7,14.9,60.0,94.7,88.5,50.5,3.8,92.4
2024-09-20,93.9,89.7,6.76,570,0.76,144,286,476,6.86,520,2.79,7.2,16.9,47.5,94.1,90.0,60.0,7.2,88.0
2024-09-21,94.7,91.0,6.95,545,0.7,185,226,449,7.02,497,3.25,8.6,15.4,55.5,93.2,87.6,63.5,5.3,91.7
2024-09-22,96.1,93.5,6.92,580,0.61,117,276,482,7.0,520,2.89,8.2,11.1,51.8,96.0,89.3,55.5,5.1,90.7
2024-09-23,92.3,88.9,7.02,525,0.83,125,284,486,7.0,486,2.78,9.1,14.0,44.7,95.1,90.8,46.1,1.9,95.9
2024-09-24,91.3,87.4,7.02,580,0.78,171,256,505,7.11,520,2.32,7.8,13.2,58.8,94.8,88.4,52.6,3.2,93.8
2024-09-25,95.3,91.9,7.18,553,0.91,175,252,467,7.17,502,2.97,5.8,9.5,48.8,96.2,89.6,52.3,1.6,97.0
2024-09-26,90.3,86.9,7.27,510,0.89,136,249,497,7.39,469,2.83,15.6,14.0,41.5,94.4,91.6,43.8,4.8,89.0
2024-09-27,96.1,93.8,6.89,574,0.91,151,241,520,7.01,520,3.21,6.2,17.8,49.0,92.6,90.6,44.2,2.8,93.7
2024-09-28,87.2,84.0,7.33,545,0.63,161,276,427,7.4,498,2.72,9.7,13.1,47.0,95.3,89.0,59.4,6.8,88.5
2024-09-29,98.6,96.1,6.94,496,0.87,146,290,409,7.02,438,1.97,5.2,8.9,61.2,96.9,85.0,59.8,2.0,96.6
2024-09-30,96.2,94.0,7.07,560,0.87,152,250,520,7.12,499,2.02,4.7,13.1,54.4,94.8,89.5,50.7,5.1,90.0
2024-10-01,95.3,92.0,7.12,580,0.62,150,251,433,7.15,509,2.99,9.5,9.8,64.0,96.1,85.2,41.2,3.8,90.7
2024-10-02,98.3,96.1,7.39,580,0.72,126,260,476,7.4,520,2.47,9.7,15.2,48.0,94.2,89.9,33.8,2.9,91.5
2024-10-03,101.1,97.5,6.97,535,0.55,144,226,514,7.15,480,2.87,12.2,14.4,60.0,93.6,88.3,45.0,3.7,91.8
2024-10-04,98.3,96.2,6.8,551,0.87,150,244,487,6.87,512,2.75,10.2,12.6,75.3,94.8,84.5,47.6,3.1,93.4
2024-10-05,86.3,82.6,7.26,547,0.87,151,257,485,7.24,495,2.63,9.0,12.1,56.0,95.3,88.5,50.9,2.9,94.4
2024-10-06,88.6,86.1,6.93,580,0.98,122,239,490,6.89,520,2.66,7.1,12.4,59.9,94.8,87.8,43.7,4.4,89.8
2024-10-07,91.2,88.3,7.0,517,0.74,162,282,520,6.97,460,2.35,12.7,13.0,58.6,95.4,88.7,45.9,2.1,95.3
2024-10-08,93.9,90.6,6.89,527,0.84,152,229,520,6.93,484,2.69,11.4,11.0,42.1,95.2,91.9,52.6,5.6,89.4
2024-10-09,95.9,93.1,7.0,515,0.92,133,275,456,7.14,467,2.47,6.4,9.4,57.8,96.6,87.3,65.0,4.7,92.8
2024-10-10,90.6,88.2,6.93,494,0.66,178,286,520,6.93,450,2.55,9.4,16.0,55.6,94.4,89.3,50.6,2.1,95.8
2024-10-11,94.4,90.2,7.14,547,0.63,144,262,502,7.29,485,2.57,9.6,12.0,51.2,95.4,89.8,51.5,5.6,89.2
2024-10-12,90.4,86.7,7.06,580,0.66,145,251,480,7.13,520,2.61,8.5,13.4,46.3,94.7,90.4,47.4,5.4,88.6
2024-10-13,90.9,88.5,6.95,531,0.72,160,258,444,7.04,482,3.07,11.1,13.7,58.6,94.7,86.8,53.1,3.3,93.8
2024-10-14,87.5,85.0,7.19,508,0.64,180,243,497,7.28,459,2.65,11.2,13.8,45.6,94.3,90.8,37.3,2.9,92.3
2024-10-15,89.5,87.6,7.09,541,0.67,160,209,466,7.18,500,3.11,8.9,9.9,69.8,95.3,85.0,43.1,1.5,96.5
2024-10-16,87.6,85.3,6.79,552,0.9,163,230,461,6.83,509,3.32,8.7,8.6,54.1,96.3,88.3,54.3,1.8,96.6
2024-10-17,89.1,87.2,7.18,527,0.76,133,250,445,7.1,489,3.04,12.7,11.5,43.7,95.4,90.2,44.6,3.6,91.8
2024-10-18,97.6,94.9,7.08,576,0.82,151,229,514,7.1,520,2.91,11.4,14.0,49.2,93.9,90.4,39.1,1.2,96.8
2024-10-19,89.1,85.8,7.24,504,0.69,141,240,442,7.25,467,2.83,9.5,11.1,51.0,95.4,88.5,42.7,2.2,94.9
2024-10-20,104.1,99.7,7.07,520,0.68,161,257,441,7.15,478,3.05,5.6,12.1,72.0,95.3,83.7,50.3,2.3,95.4
2024-10-21,95.0,92.6,6.94,537,0.81,162,250,502,7.01,475,2.74,10.1,18.5,46.3,92.6,90.8,51.1,1.5,97.1
2024-10-22,93.6,90.9,7.02,539,0.79,176,268,464,7.07,482,3.09,10.9,8.2,52.3,96.9,88.7,47.4,3.2,93.2
2024-10-23,89.2,85.3,7.16,527,0.89,115,251,463,7.33,466,2.95,4.0,11.0,49.0,95.6,89.4,53.6,1.8,96.7
2024-10-24,95.7,92.2,6.94,483,0.97,139,251,508,6.96,420,2.56,9.9,17.9,57.1,92.9,88.8,61.3,5.5,91.0
2024-10-25,90.2,88.3,6.99,580,0.67,170,228,518,6.91,511,3.06,8.3,12.9,49.1,94.3,90.5,53.8,3.0,94.4
2024-10-26,93.1,90.0,7.02,514,0.9,127,214,379,7.09,447,2.74,8.8,11.2,44.3,94.8,88.3,42.4,2.6,93.9
2024-10-27,103.2,99.7,6.89,523,0.61,162,233,458,7.02,477,2.66,7.2,16.0,51.7,93.1,88.7,43.5,5.1,88.4
2024-10-28,92.0,88.9,6.94,538,1.08,168,225,405,7.02,481,2.51,9.0,13.1,50.9,94.2,87.4,54.1,5.7,89.4
2024-10-29,97.1,93.3,7.07,497,0.65,149,236,445,7.11,441,2.77,12.5,12.1,48.6,94.9,89.1,47.1,4.5,90.5
2024-10-30,89.3,86.1,7.22,518,0.87,127,216,459,7.29,474,3.1,8.3,13.5,49.0,93.8,89.3,51.6,1.8,96.5
2024-10-31,92.0,88.7,7.09,493,0.61,148,256,443,7.26,453,3.06,11.5,11.3,62.4,95.6,85.9,39.5,2.1,94.6
2024-11-01,99.5,95.2,7.04,526,0.75,173,222,415,7.05,488,2.84,7.4,10.4,50.7,95.3,87.8,50.3,1.6,96.9
2024-11-02,89.4,87.0,6.93,503,1.0,174,228,412,7.0,456,2.94,11.0,12.7,44.4,94.4,89.2,46.9,2.5,94.7
2024-11-03,99.5,96.1,7.2,519,0.65,153,235,482,7.3,465,3.21,9.3,10.4,49.6,95.6,89.7,51.4,2.3,95.5
2024-11-04,94.8,92.5,7.11,475,1.1,134,258,513,7.19,421,2.64,10.1,13.0,53.6,95.0,89.6,37.2,1.7,95.3
2024-11-05,89.4,87.2,6.95,481,0.77,177,270,368,7.0,424,2.25,9.3,13.9,42.8,94.9,88.4,28.7,3.5,87.7
2024-11-06,94.3,90.6,7.18,462,0.92,163,271,436,7.21,407,3.22,10.8,15.2,65.9,94.4,84.9,46.3,4.4,90.4
2024-11-07,95.6,92.9,7.13,482,0.83,135,204,477,7.17,431,2.49,4.0,15.9,60.0,92.2,87.4,41.0,3.6,91.3
2024-11-08,94.1,91.0,6.94,421,0.84,155,222,445,7.03,391,2.42,6.0,11.9,64.4,94.6,85.5,58.4,4.0,93.1
2024-11-09,84.8,82.8,7.04,492,0.56,154,217,400,7.12,428,1.98,10.3,14.3,56.3,93.4,85.9,60.0,4.3,92.9
2024-11-10,88.2,84.7,6.98,483,0.7,139,236,424,7.17,425,2.93,4.6,14.3,36.9,93.9,91.3,53.4,4.1,92.3
2024-11-11,90.2,87.6,7.42,504,0.95,155,234,454,7.39,444,2.05,8.1,13.9,65.2,94.1,85.6,51.5,4.4,91.5
2024-11-12,90.8,88.1,7.12,499,0.72,167,214,428,7.29,455,2.4,9.2,11.8,46.5,94.5,89.1,37.7,2.8,92.6
2024-11-13,93.6,90.1,7.08,536,0.79,145,211,437,7.12,477,2.94,7.4,10.3,47.1,95.1,89.2,47.0,3.9,91.7
2024-11-14,91.7,87.9,7.12,577,0.54,169,203,436,7.17,517,2.99,7.7,14.3,54.4,93.0,87.5,78.9,6.3,92.0
2024-11-15,85.2,82.8,7.24,529,0.69,121,168,415,7.35,464,2.44,9.9,8.6,64.0,94.9,84.6,48.9,5.6,88.6
2024-11-16,92.4,89.9,7.04,477,0.94,185,195,467,7.15,426,2.65,11.6,12.3,61.4,93.7,86.9,57.5,4.5,92.1
2024-11-17,93.2,89.8,6.97,474,0.58,150,239,414,7.1,415,2.35,7.1,6.4,60.3,97.3,85.4,52.2,2.7,94.8
2024-11-18,92.9,90.2,7.17,516,0.88,167,251,391,7.31,465,2.48,8.0,9.5,50.8,96.2,87.0,43.3,1.7,96.0
2024-11-19,95.0,91.7,7.03,433,0.8,153,248,519,7.08,379,2.81,7.6,10.7,50.6,95.7,90.3,47.3,1.6,96.6
2024-11-20,93.9,91.3,6.9,475,0.73,136,237,425,7.04,435,2.5,4.0,15.9,55.9,93.3,86.8,47.2,2.8,94.0
2024-11-21,92.2,88.5,6.87,476,0.73,149,196,323,6.9,430,2.6,9.6,14.8,52.2,92.4,83.8,47.1,2.0,95.8
2024-11-22,89.9,87.9,7.26,501,0.7,119,191,475,7.31,457,2.11,11.4,11.6,60.1,93.9,87.3,36.4,1.4,96.3
2024-11-23,83.1,80.0,7.07,500,0.71,161,177,474,7.12,447,3.15,11.6,14.9,59.7,91.6,87.4,44.7,5.0,88.8
2024-11-24,91.8,88.5,6.97,455,0.91,153,202,440,7.0,406,2.9,7.3,15.3,57.8,92.4,86.9,37.7,3.6,90.4
2024-11-25,90.8,86.8,7.02,464,0.71,146,215,446,7.08,406,3.02,6.4,12.6,33.5,94.1,92.5,39.2,3.7,90.6
2024-11-26,91.0,87.1,7.16,490,1.04,162,191,505,7.28,441,3.22,9.3,9.4,54.2,95.1,89.3,36.6,2.3,93.8
2024-11-27,84.4,81.7,7.01,449,0.81,150,220,379,7.11,404,2.37,11.2,12.5,52.4,94.3,86.2,56.2,5.1,90.9
2024-11-28,85.1,81.9,6.85,511,0.68,159,224,421,6.87,458,2.56,9.7,12.7,54.5,94.3,87.1,46.2,4.9,89.3
2024-11-29,94.0,91.7,7.1,491,0.92,165,199,493,7.11,448,1.94,10.0,9.8,47.3,95.1,90.4,36.8,4.7,87.3
2024-11-30,89.3,85.3,7.22,475,0.86,141,180,500,7.23,436,3.7,11.9,14.0,42.9,92.2,91.4,48.9,2.6,94.7
2024-12-01,92.2,89.0,7.21,481,0.52,136,236,396,7.28,440,2.64,7.6,13.7,56.8,94.2,85.7,68.8,2.9,95.7
2024-12-02,89.4,86.1,6.97,452,0.61,122,207,490,6.94,397,3.12,8.8,14.2,50.4,93.1,89.7,56.7,4.5,92.1
2024-12-03,89.3,85.3,7.23,445,0.75,151,246,440,7.23,403,2.2,13.1,13.7,57.7,94.4,86.9,52.6,4.5,91.4
2024-12-04,93.0,89.1,7.08,450,0.53,157,206,466,7.11,393,3.1,8.8,14.9,48.0,92.8,89.7,41.6,2.1,95.0
2024-12-05,86.8,83.8,7.22,478,1.08,128,206,436,7.35,435,3.44,6.4,12.5,64.2,93.9,85.3,54.7,5.5,89.9
2024-12-06,89.3,86.4,7.13,467,0.89,172,181,416,7.18,416,2.68,7.8,13.5,61.0,92.5,85.3,47.0,4.7,90.0
2024-12-07,86.9,83.9,6.84,445,0.77,136,192,490,6.96,390,2.3,7.1,12.0,55.5,93.8,88.7,53.3,1.1,98.0
2024-12-08,86.9,84.2,7.29,481,0.72,116,167,379,7.37,443,2.64,10.1,11.5,51.5,93.1,86.4,53.0,5.4,89.9
2024-12-09,87.3,84.7,7.06,450,0.68,173,170,475,7.09,408,1.81,7.2,16.5,59.8,90.3,87.4,39.6,4.3,89.1
2024-12-10,89.5,85.5,7.13,432,0.48,118,213,480,7.16,385,2.68,9.9,7.7,56.3,96.4,88.3,44.5,4.7,89.5
2024-12-11,86.4,83.6,6.86,461,0.51,165,191,450,6.85,401,3.03,7.6,15.3,55.1,92.0,87.8,41.2,2.6,93.7
2024-12-12,93.6,91.7,7.12,419,1.06,161,187,391,7.32,378,2.69,4.4,11.4,61.3,93.9,84.3,50.4,4.6,90.9
2024-12-13,84.5,81.8,7.2,396,1.01,155,179,403,7.33,366,2.59,10.0,11.0,64.3,93.9,84.0,43.0,3.7,91.5
2024-12-14,87.4,85.0,7.32,448,0.68,141,186,340,7.4,405,2.91,9.6,13.7,43.4,92.6,87.2,49.8,4.1,91.7
2024-12-15,86.3,83.0,7.25,426,0.91,158,216,372,7.23,395,2.94,10.5,9.1,45.0,95.8,87.9,51.7,6.1,88.2
2024-12-16,94.1,91.7,7.13,437,0.85,166,195,413,7.16,383,2.04,7.8,10.9,47.1,94.4,88.6,48.1,2.5,94.9
2024-12-17,88.8,86.5,6.83,413,0.86,134,166,330,6.84,373,2.74,7.5,10.8,41.5,93.5,87.4,54.1,3.1,94.4
2024-12-18,92.2,89.2,7.07,481,0.56,165,211,373,7.14,441,3.67,10.2,12.4,52.7,94.1,85.9,38.4,1.7,95.6
2024-12-19,81.5,79.8,6.97,420,0.5,164,225,462,6.97,378,2.17,12.8,10.9,57.9,95.2,87.5,50.9,2.9,94.3
2024-12-20,88.8,85.1,7.08,426,0.95,154,198,376,7.1,372,2.67,9.3,17.2,53.0,91.3,85.9,46.7,3.0,93.5
2024-12-21,91.3,87.2,6.88,450,0.47,141,206,422,6.89,407,3.48,10.3,17.7,49.0,91.4,88.4,42.4,3.7,91.3
2024-12-22,87.8,85.6,7.02,393,0.75,164,212,402,7.07,356,3.14,8.6,7.7,62.0,96.4,84.6,51.3,2.9,94.4
2024-12-23,91.9,89.6,6.98,389,0.71,158,150,366,7.04,355,2.49,5.7,14.4,54.3,90.4,85.2,47.2,3.4,92.8
2024-12-24,85.2,81.6,6.97,446,0.7,133,223,371,7.02,408,2.78,11.5,15.2,55.9,93.2,84.9,44.4,3.5,92.0
2024-12-25,93.2,89.6,6.97,418,0.82,144,206,382,7.13,382,2.7,11.4,14.4,62.2,93.0,83.7,45.5,4.7,89.6
2024-12-26,96.8,92.5,7.03,402,0.67,163,192,300,7.14,365,2.4,10.9,11.3,52.2,94.1,82.6,49.8,3.7,92.5
2024-12-27,85.6,82.3,7.09,449,0.83,151,179,411,7.1,396,2.67,8.9,12.4,69.3,93.1,83.1,53.4,6.0,88.7
2024-12-28,85.1,82.9,6.7,402,0.79,167,152,367,6.8,359,2.59,10.7,11.1,49.7,92.7,86.5,75.0,6.7,91.0
2024-12-29,93.0,90.0,6.72,418,1.08,144,173,409,6.8,383,2.75,11.4,11.9,68.8,93.1,83.2,40.8,2.9,92.8
2024-12-30,93.5,90.1,7.0,397,0.56,134,188,384,7.04,368,2.4,13.0,9.9,45.6,94.7,88.1,39.2,1.5,96.2
2024-12-31,84.6,81.5,7.02,434,0.77,185,155,361,7.11,379,2.19,11.6,12.7,57.2,91.8,84.2,47.3,2.0,95.7
2025-01-01,85.0,81.2,7.08,467,0.83,123,176,375,7.18,421,2.68,9.4,9.1,48.2,94.8,87.1,41.7,4.4,89.5
2025-01-02,85.5,82.3,6.95,370,0.73,142,152,374,6.97,340,3.39,6.3,12.5,61.9,91.8,83.4,55.5,6.0,89.1
2025-01-03,81.0,78.6,7.05,425,0.57,154,168,424,7.05,375,2.73,9.7,9.8,49.5,94.2,88.3,41.7,3.5,91.6
2025-01-04,82.7,81.0,7.07,448,0.96,165,147,366,7.13,403,2.57,9.9,13.5,55.5,90.8,84.8,37.0,2.3,93.7
2025-01-05,82.2,80.3,6.95,406,0.82,160,144,374,7.03,367,3.0,10.9,11.2,48.1,92.2,87.1,52.5,5.6,89.3
2025-01-06,83.2,79.5,7.19,382,0.58,186,181,311,7.21,340,2.64,12.4,13.8,60.5,92.4,80.5,47.6,4.9,89.7
2025-01-07,86.2,84.2,7.07,430,0.84,148,161,358,7.18,394,3.45,9.1,15.8,48.1,90.2,86.6,52.8,3.6,93.3
2025-01-08,87.2,85.0,7.13,448,1.03,136,162,417,7.22,411,2.7,14.1,17.1,66.3,89.4,84.1,49.0,3.1,93.6
2025-01-09,92.7,90.3,7.06,443,0.76,146,158,375,7.08,411,2.98,5.3,6.4,45.4,95.9,87.9,50.4,3.8,92.4
2025-01-10,81.9,79.2,7.34,425,0.77,144,228,313,7.4,374,2.4,10.3,10.8,42.7,95.3,86.4,39.9,3.9,90.1
2025-01-11,90.2,87.0,7.13,415,1.01,148,182,316,7.26,375,2.9,7.5,12.2,60.6,93.3,80.8,43.1,3.6,91.6
2025-01-12,85.1,81.9,6.98,382,0.62,134,184,324,7.17,342,2.81,4.9,14.2,48.6,92.3,85.0,48.5,4.2,91.4
2025-01-13,85.7,82.0,7.16,438,1.03,162,152,393,7.33,389,2.68,8.8,8.7,53.1,94.3,86.5,42.0,1.5,96.4
2025-01-14,88.7,85.2,6.82,435,0.92,155,178,387,6.83,393,2.5,5.9,10.4,50.7,94.2,86.9,42.0,3.2,92.3
2025-01-15,81.1,77.9,7.07,371,0.63,129,162,300,7.18,340,2.44,8.9,13.3,43.0,91.8,85.7,44.7,1.6,96.4
2025-01-16,87.3,84.4,7.09,418,0.67,165,150,347,7.21,364,2.81,9.4,13.2,52.6,91.2,84.8,39.3,4.5,88.5
2025-01-17,86.3,84.1,7.07,427,0.69,137,206,355,7.11,396,2.95,11.9,14.0,63.1,93.2,82.2,51.4,2.5,95.2
2025-01-18,87.7,84.8,7.0,433,0.49,131,177,309,7.09,397,2.65,5.8,14.2,61.0,92.0,80.3,47.6,3.8,92.1
2025-01-19,86.7,83.0,6.91,401,0.81,151,175,331,6.86,366,2.81,11.4,13.9,55.0,92.1,83.4,42.5,4.1,90.3
2025-01-20,95.8,93.8,6.94,375,0.64,121,143,399,6.89,343,2.68,9.5,13.5,61.9,90.6,84.5,42.3,5.0,88.2
2025-01-21,82.7,81.0,7.06,386,0.81,159,140,361,7.02,344,2.74,11.7,13.1,44.9,90.6,87.6,42.6,3.6,91.7
2025-01-22,83.1,81.0,6.89,370,0.58,104,161,324,6.98,340,2.62,8.3,14.7,50.7,90.9,84.4,48.9,4.0,91.8
2025-01-23,82.7,81.0,7.3,398,0.91,133,149,336,7.38,355,2.71,6.2,7.2,56.3,95.2,83.2,45.2,1.9,95.7
2025-01-24,82.9,80.3,6.68,391,0.88,175,174,333,6.8,361,3.7,6.5,17.0,52.2,90.2,84.3,38.6,1.1,97.2
2025-01-25,82.5,80.8,7.0,467,0.66,139,175,353,7.17,411,2.82,6.3,7.3,51.3,95.8,85.5,43.9,2.1,95.3
2025-01-26,90.1,86.3,7.07,426,0.82,141,161,300,7.18,378,2.96,10.4,10.2,43.8,93.7,85.4,48.0,4.6,90.4
2025-01-27,91.1,87.8,7.12,428,0.78,170,177,313,7.09,386,2.88,12.7,12.4,37.0,93.0,88.2,47.6,2.4,95.0
2025-01-28,82.7,79.4,6.92,411,0.99,137,163,380,6.97,365,2.59,8.0,14.7,59.6,91.0,84.3,45.6,5.1,88.8
2025-01-29,81.5,78.2,7.21,383,0.62,162,140,335,7.21,342,3.22,10.7,5.2,55.1,96.3,83.6,43.0,4.3,89.9
2025-01-30,86.9,83.3,6.85,385,0.75,168,154,303,6.94,346,2.58,5.8,12.9,60.2,91.6,80.1,42.8,2.9,93.2
2025-01-31,82.6,80.2,6.97,388,0.67,157,160,304,7.03,357,3.12,9.7,15.1,49.8,90.6,83.6,43.1,1.1,97.4
2025-02-01,87.5,85.3,7.14,399,0.78,126,176,365,7.14,359,2.57,10.8,15.6,47.6,91.1,87.0,66.4,2.9,95.7
2025-02-02,85.7,83.1,7.2,405,0.85,140,161,314,7.36,361,2.32,6.0,11.2,53.3,93.0,83.0,44.6,3.0,93.2
2025-02-03,78.4,75.2,6.85,392,0.67,193,144,355,6.92,346,2.85,8.8,12.2,59.9,91.5,83.1,38.3,3.1,92.0
2025-02-04,91.3,89.0,7.42,382,0.72,142,176,309,7.4,341,2.26,10.9,11.4,51.4,93.5,83.4,49.1,4.3,91.3
2025-02-05,92.3,89.6,6.92,371,0.91,197,163,300,6.97,340,2.91,4.0,12.0,59.5,92.6,80.2,38.8,1.9,95.1
2025-02-06,82.1,79.2,6.87,370,0.97,177,187,343,7.02,340,2.22,12.4,10.3,45.4,94.5,86.8,35.8,2.3,93.4
2025-02-07,83.0,80.7,7.12,430,0.84,158,156,328,7.24,377,2.57,10.1,10.7,51.9,93.1,84.2,49.7,3.2,93.6
2025-02-08,85.8,82.5,7.0,459,0.75,154,140,359,7.05,405,2.13,10.9,14.1,52.7,89.9,85.3,40.8,3.3,91.9
2025-02-09,86.0,82.9,6.98,427,0.74,142,178,367,6.98,381,3.7,8.4,13.3,62.8,92.5,82.9,39.5,4.3,89.1
2025-02-10,87.3,85.4,7.13,370,0.85,148,141,316,7.14,340,2.04,5.3,14.3,54.8,89.9,82.7,52.8,3.2,93.9
2025-02-11,93.0,89.5,6.84,412,0.8,138,159,344,6.87,368,2.7,10.5,13.6,66.8,91.4,80.6,35.5,1.6,95.4
2025-02-12,83.8,81.0,6.81,420,0.52,148,157,314,6.9,385,3.16,9.1,14.8,42.7,90.6,86.4,39.7,1.1,97.2
2025-02-13,81.1,79.3,6.97,373,0.86,128,153,355,7.07,340,3.11,9.4,15.3,54.2,90.0,84.7,52.7,1.8,96.6
2025-02-14,78.7,76.5,7.2,402,0.64,127,149,338,7.22,361,3.04,11.8,8.5,54.6,94.3,83.8,46.9,3.8,91.8
2025-02-15,81.4,77.8,6.97,371,0.56,170,140,304,7.08,340,2.57,11.1,10.8,58.0,92.3,80.9,45.0,2.8,93.8
2025-02-16,84.3,80.8,7.27,434,0.52,124,140,300,7.28,383,3.24,13.7,12.4,46.9,91.1,84.4,41.5,3.7,91.0
2025-02-17,91.9,87.8,7.22,397,0.74,164,175,339,7.24,362,3.07,9.7,12.9,66.3,92.6,80.4,43.3,3.3,92.5
2025-02-18,82.2,79.8,7.09,370,0.62,119,160,374,7.06,340,2.78,7.7,11.3,53.3,92.9,85.7,44.6,4.2,90.7
2025-02-19,85.3,82.4,7.1,406,0.42,160,191,364,7.07,364,2.8,8.9,15.4,44.7,91.9,87.7,46.3,3.2,93.1
2025-02-20,84.3,80.8,7.09,418,0.72,146,140,300,7.09,383,2.58,10.3,18.1,53.1,87.1,82.3,46.8,1.7,96.4
2025-02-21,89.3,87.5,7.07,390,0.7,171,150,300,7.13,344,2.34,11.6,13.5,50.8,91.0,83.1,45.7,4.9,89.2
2025-02-22,95.0,91.9,7.0,399,0.75,144,175,300,7.0,368,3.19,5.9,13.2,74.9,92.5,75.0,39.9,2.2,94.5
2025-02-23,82.1,78.9,7.01,382,0.68,117,140,303,7.16,345,3.22,9.3,15.2,61.4,89.1,79.7,27.7,1.1,96.1
2025-02-24,82.3,79.6,6.9,370,1.04,146,140,300,6.9,340,2.35,13.0,8.1,53.6,94.2,82.1,45.0,3.1,93.1
2025-02-25,88.7,86.2,6.74,379,0.85,152,144,358,6.81,349,2.64,8.7,13.1,52.3,90.9,85.4,50.4,2.2,95.6
2025-02-26,87.2,83.4,7.2,400,0.7,147,141,308,7.34,367,2.64,11.4,15.5,60.6,89.0,80.3,54.2,4.2,92.3
2025-02-27,92.1,88.6,7.07,379,0.76,159,162,345,7.14,343,2.69,10.4,11.3,61.0,93.0,82.3,42.3,4.4,89.5
2025-02-28,86.8,84.6,7.05,409,0.98,140,140,314,7.09,374,2.73,11.5,9.8,33.0,93.0,89.5,46.8,4.7,90.0
2025-03-01,82.8,80.0,7.11,371,0.91,129,185,326,7.17,340,3.08,7.4,12.5,58.2,93.2,82.1,40.3,4.3,89.2
2025-03-02,86.8,84.1,6.93,373,0.56,134,140,300,6.96,340,2.4,7.4,12.8,53.4,90.9,82.2,41.0,3.5,91.5
2025-03-03,89.0,85.9,6.91,410,0.62,141,140,326,6.91,358,2.36,9.3,10.6,43.0,92.4,86.8,40.7,1.7,95.7
2025-03-04,87.8,83.9,7.01,391,0.65,141,150,300,7.11,342,3.19,5.8,18.5,60.1,87.7,80.0,39.6,4.4,89.0
2025-03-05,86.5,82.9,7.24,371,0.7,188,143,326,7.27,341,2.51,8.7,11.8,70.7,91.7,78.3,44.2,3.6,91.8
2025-03-06,88.8,85.8,6.89,417,0.68,170,147,385,7.0,364,2.19,9.9,10.0,57.5,93.2,85.1,47.5,2.3,95.2
2025-03-07,89.3,85.7,6.68,370,0.78,160,158,348,6.8,340,2.51,13.4,12.8,61.8,91.9,82.2,46.2,5.1,89.0
2025-03-08,90.2,86.2,6.98,370,0.88,157,165,339,7.05,340,2.57,10.2,15.4,67.3,90.7,80.1,47.7,2.7,94.3
2025-03-09,87.1,85.0,7.21,370,0.91,154,187,300,7.33,340,3.32,10.7,13.0,46.7,93.0,84.4,44.7,3.4,92.4
2025-03-10,83.7,82.0,6.81,370,0.72,154,140,351,6.83,340,3.07,12.0,14.3,38.7,89.8,89.0,48.0,2.0,95.8
2025-03-11,85.0,82.9,6.88,427,0.52,152,168,355,6.99,386,3.16,7.1,10.7,58.3,93.6,83.6,37.3,2.5,93.4
2025-03-12,89.5,87.4,7.09,370,0.61,150,167,339,7.19,340,3.03,8.9,16.9,51.3,89.9,84.9,39.5,3.4,91.5
2025-03-13,81.0,77.9,7.41,370,0.69,116,140,337,7.4,340,3.08,14.9,14.5,42.5,89.6,87.4,41.4,2.8,93.3
2025-03-14,86.0,84.2,6.86,400,0.58,144,140,324,6.89,360,2.42,9.1,15.7,52.6,88.8,83.8,36.3,2.4,93.3
2025-03-15,82.9,79.5,6.85,370,0.94,146,140,356,6.93,340,2.62,11.9,13.9,58.9,90.1,83.5,46.3,4.8,89.7
2025-03-16,84.6,82.9,7.1,371,0.59,138,162,386,7.28,340,2.3,11.5,15.1,52.0,90.7,86.5,39.6,2.2,94.4
2025-03-17,89.9,88.1,7.22,424,0.86,141,160,344,7.26,381,2.62,5.9,10.7,47.1,93.3,86.3,47.7,1.8,96.2
2025-03-18,85.4,83.1,6.96,453,0.52,154,161,300,7.0,410,2.97,10.0,11.7,51.5,92.7,82.8,41.7,5.0,88.0
2025-03-19,84.8,83.1,6.82,398,0.87,162,147,300,6.95,367,2.75,9.6,16.5,53.0,88.8,82.3,53.7,5.9,89.0
2025-03-20,78.9,76.5,7.11,370,0.75,154,150,361,7.17,340,3.22,10.1,17.1,38.2,88.6,89.4,56.6,4.8,91.6
2025-03-21,87.8,84.4,7.14,370,1.0,161,154,300,7.25,340,2.24,7.6,10.0,52.1,93.5,82.6,25.3,2.6,89.5
2025-03-22,87.4,84.4,7.3,395,0.6,162,146,341,7.4,343,2.9,6.7,13.6,42.7,90.7,87.5,38.0,3.0,92.1
2025-03-23,93.8,91.0,7.14,400,0.69,145,172,320,7.09,362,2.2,8.2,11.9,58.3,93.1,81.8,42.1,3.1,92.6
2025-03-24,83.5,79.9,7.17,451,0.71,158,140,300,7.22,393,2.74,9.1,11.2,41.0,92.0,86.3,38.8,3.0,92.2
2025-03-25,85.7,83.2,7.01,423,0.75,122,140,368,7.06,380,3.0,12.0,13.7,61.1,90.2,83.4,51.9,5.5,89.5
2025-03-26,85.9,84.1,7.39,395,0.72,143,159,364,7.39,362,2.61,13.5,16.0,50.0,89.9,86.3,48.6,3.4,92.9
2025-03-27,91.5,87.8,6.99,382,0.72,141,149,300,6.94,344,2.92,12.5,14.2,49.0,90.5,83.7,37.1,2.8,92.3
2025-03-28,84.5,82.4,6.96,490,0.72,174,140,356,6.93,434,2.32,11.3,12.2,55.5,91.3,84.4,34.5,2.6,92.4
2025-03-29,86.2,84.2,7.3,415,0.46,155,169,351,7.37,380,2.03,7.0,14.3,46.4,91.5,86.8,45.5,3.4,92.6
2025-03-30,87.6,85.7,6.84,374,0.92,128,146,372,6.87,340,2.92,8.4,12.1,55.4,91.7,85.1,41.2,5.2,87.4
2025-03-31,85.9,84.1,6.79,389,1.2,159,141,346,6.8,355,3.4,9.8,14.1,47.5,90.0,86.3,41.9,2.5,94.0
2025-04-01,83.3,80.6,7.07,370,0.81,164,156,397,7.13,340,2.3,7.8,16.6,48.9,89.4,87.7,41.3,1.6,96.1
2025-04-02,86.0,84.2,7.05,370,0.6,148,141,336,7.07,340,3.19,10.6,7.6,56.4,94.6,83.2,50.1,4.7,90.7
2025-04-03,89.7,87.4,7.02,409,0.61,161,160,331,7.16,378,2.72,11.0,15.1,44.3,90.6,86.6,52.4,4.1,92.3
2025-04-04,81.0,77.7,7.19,457,0.86,110,154,304,7.21,403,2.17,10.5,9.0,43.3,94.2,85.8,48.2,4.1,91.4
2025-04-05,85.9,83.0,6.92,370,0.83,106,151,306,7.07,343,2.25,11.7,16.2,55.1,89.3,82.0,35.0,3.9,88.8
2025-04-06,82.4,80.2,7.06,403,0.73,131,152,303,7.12,350,2.71,7.2,11.3,53.0,92.6,82.5,53.0,3.1,94.1
2025-04-07,90.5,87.0,7.0,380,0.88,152,184,354,7.02,340,2.54,11.4,9.8,54.5,94.7,84.6,46.9,3.4,92.8
2025-04-08,79.1,76.8,6.93,420,0.46,174,171,336,6.94,370,2.17,7.7,14.8,55.8,91.3,83.4,44.4,3.7,91.6
2025-04-09,83.2,80.9,7.04,399,0.88,131,140,360,7.19,347,2.02,7.1,13.9,53.6,90.1,85.1,49.1,4.7,90.5
2025-04-10,87.2,83.6,7.17,370,0.81,136,184,300,7.27,340,2.36,10.5,10.4,57.9,94.3,80.7,51.7,2.5,95.1
2025-04-11,92.3,89.4,7.35,375,0.62,151,177,315,7.36,341,2.78,12.1,9.7,54.0,94.5,82.9,54.7,6.4,88.3
2025-04-12,85.5,83.3,7.13,381,0.56,142,176,315,7.2,349,2.7,10.4,12.5,37.5,92.9,88.1,48.6,4.0,91.7
2025-04-13,83.5,80.8,6.7,451,0.79,141,186,438,6.8,399,2.5,9.3,9.9,39.6,94.7,91.0,32.8,3.7,88.6
2025-04-14,93.8,89.6,7.04,451,0.98,143,168,346,7.02,404,2.78,10.0,10.2,68.2,93.9,80.3,35.0,2.7,92.3
2025-04-15,79.9,76.3,7.06,401,0.74,171,182,351,7.07,364,3.12,9.6,13.3,53.2,92.7,84.8,33.3,1.7,95.0
2025-04-16,76.8,74.0,7.18,451,0.64,167,160,352,7.19,404,2.86,6.7,10.5,60.6,93.4,82.8,44.7,4.5,89.9
2025-04-17,87.9,86.0,7.08,407,0.8,150,188,418,7.21,371,2.65,6.4,14.1,50.5,92.5,87.9,49.0,2.7,94.6
2025-04-18,84.0,80.7,7.23,403,1.04,176,175,300,7.17,365,3.07,9.1,16.9,52.7,90.3,82.4,45.6,5.7,87.4
2025-04-19,81.9,79.5,7.1,417,0.83,158,143,356,7.08,365,2.32,9.5,12.6,49.7,91.2,86.0,52.7,6.6,87.4
2025-04-20,89.3,85.7,7.27,425,0.85,168,194,300,7.36,389,2.61,9.3,13.3,72.4,93.1,75.9,43.7,2.1,95.3
2025-04-21,87.4,84.1,6.99,400,0.95,136,170,300,7.06,365,2.62,10.9,18.2,55.2,89.3,81.6,52.0,2.1,95.9
2025-04-22,84.1,82.1,7.07,419,0.84,139,168,332,7.11,381,2.21,8.8,9.9,49.0,94.1,85.2,75.2,8.1,89.2
2025-04-23,81.1,78.9,7.17,445,0.65,139,166,379,7.35,391,2.53,10.6,16.1,40.3,90.3,89.4,48.1,1.7,96.5
2025-04-24,90.2,86.4,6.97,425,0.51,148,168,332,7.07,376,1.87,9.0,15.8,68.6,90.6,79.3,47.2,4.5,90.4
2025-04-25,89.4,86.3,6.94,424,0.63,150,181,381,7.07,378,3.46,13.5,15.2,51.9,91.6,86.4,44.3,4.9,88.9
2025-04-26,86.3,82.5,6.96,440,0.6,155,157,371,7.02,390,2.33,9.5,16.4,59.0,89.6,84.1,42.4,4.8,88.7
2025-04-27,94.6,91.4,6.95,446,0.87,181,145,363,6.97,394,3.33,14.7,13.7,59.9,90.6,83.5,42.0,2.1,95.1
2025-04-28,82.4,80.0,7.12,424,0.89,161,157,420,7.15,389,2.72,10.1,11.5,49.6,92.7,88.2,48.9,4.2,91.4
2025-04-29,80.6,77.2,6.79,413,0.8,141,188,347,6.91,375,2.93,8.8,15.8,58.4,91.6,83.2,44.8,2.8,93.7
2025-04-30,84.1,81.0,6.83,435,0.58,149,177,387,6.94,393,2.5,7.2,15.9,48.5,91.0,87.5,51.2,4.2,91.8
2025-05-01,86.9,83.9,7.31,379,1.04,174,205,301,7.36,340,2.78,6.0,15.9,45.5,92.2,84.9,43.4,2.7,93.8
2025-05-02,88.2,86.3,6.95,425,0.71,162,181,379,7.04,393,2.96,7.0,13.1,62.3,92.8,83.6,40.8,3.9,90.5
2025-05-03,86.3,84.5,7.08,370,0.86,173,201,366,7.2,340,2.97,7.3,11.1,52.0,94.5,85.8,43.2,3.0,93.0
2025-05-04,88.8,85.0,6.84,381,0.78,142,170,330,6.87,349,3.01,10.2,13.5,57.2,92.1,82.7,45.7,5.1,88.8
2025-05-05,82.2,80.1,7.06,378,0.8,138,176,395,7.1,350,2.55,8.1,15.4,56.4,91.2,85.7,34.7,1.9,94.6
2025-05-06,93.6,90.3,6.95,471,0.86,138,187,351,7.04,430,2.51,9.7,15.7,58.2,91.6,83.4,44.8,3.2,92.8
2025-05-07,87.3,84.2,6.83,439,0.67,143,184,451,6.8,408,2.06,12.2,11.9,41.1,93.5,90.9,37.3,1.1,97.0
2025-05-08,92.4,90.0,7.24,400,0.97,132,183,300,7.33,363,2.91,9.1,13.8,48.6,92.5,83.8,69.1,2.6,96.2
2025-05-09,89.2,87.3,7.22,457,0.53,154,171,395,7.21,403,3.13,14.1,9.6,50.7,94.4,87.2,45.6,2.8,93.8
2025-05-10,89.8,87.9,7.03,475,0.61,154,157,388,7.15,419,3.35,6.6,15.6,46.7,90.1,88.0,46.2,4.5,90.2
2025-05-11,90.4,87.6,7.19,461,0.96,171,204,376,7.38,410,2.82,9.0,11.0,56.5,94.6,85.0,43.9,4.1,90.5
2025-05-12,89.9,86.7,7.32,440,0.86,121,203,368,7.33,382,2.39,8.1,15.0,62.5,92.6,83.0,31.8,1.9,94.0
2025-05-13,90.8,88.5,7.16,455,1.15,134,180,393,7.13,414,2.02,11.5,10.0,63.7,94.4,83.8,45.8,2.3,94.9
2025-05-14,93.8,90.2,7.12,478,0.78,162,202,435,7.17,423,3.12,4.1,15.7,50.6,92.2,88.4,47.7,4.8,89.9
2025-05-15,89.2,86.4,7.08,436,1.03,152,192,327,7.12,400,1.98,6.0,13.8,55.5,92.8,83.0,40.9,2.4,94.2
2025-05-16,91.4,88.1,7.14,453,0.49,150,219,363,7.24,403,2.56,9.1,11.0,56.7,95.0,84.4,25.6,0.8,96.8
2025-05-17,88.1,85.6,7.0,445,0.56,170,170,355,7.07,399,2.61,12.9,14.8,58.0,91.3,83.7,52.4,3.6,93.1
2025-05-18,94.6,91.0,7.01,403,0.9,133,196,354,7.05,373,2.67,9.8,11.5,46.4,94.1,86.9,39.6,2.4,94.0
2025-05-19,85.8,82.4,7.11,486,0.51,138,195,413,7.18,429,2.71,6.2,14.9,67.4,92.4,83.7,39.3,2.2,94.3
2025-05-20,96.3,94.2,6.98,524,0.74,136,204,425,6.98,478,2.76,6.5,12.3,60.4,94.0,85.8,48.2,1.9,96.0
2025-05-21,88.7,84.9,7.0,432,0.95,117,234,445,7.11,395,1.73,13.1,8.5,60.6,96.4,86.4,46.1,2.6,94.4
2025-05-22,83.0,80.3,7.05,492,0.85,152,200,428,7.21,434,2.71,7.9,10.4,62.6,94.8,85.4,51.3,3.3,93.5
2025-05-23,89.6,86.1,7.21,436,0.77,141,219,433,7.2,392,1.81,7.1,11.9,57.4,94.6,86.7,50.5,5.5,89.1
2025-05-24,86.3,82.5,6.89,468,0.7,138,201,351,6.86,416,2.99,12.7,16.6,45.2,91.7,87.1,45.0,4.4,90.2
2025-05-25,92.8,88.7,7.16,514,0.8,135,228,468,7.19,470,2.48,11.6,15.3,52.1,93.3,88.9,53.5,2.7,95.0
2025-05-26,86.6,83.1,7.16,451,0.86,149,222,402,7.15,409,1.84,12.2,17.2,40.3,92.3,90.0,32.2,1.9,94.2
2025-05-27,87.5,85.5,7.16,468,0.67,137,200,453,7.14,420,2.37,7.1,17.3,56.4,91.4,87.5,40.8,2.1,94.9
2025-05-28,81.6,78.5,6.94,413,0.83,153,200,358,6.91,378,2.47,5.8,11.6,51.9,94.2,85.5,47.5,3.6,92.4
2025-05-29,87.7,85.8,6.81,451,0.93,157,220,405,6.86,398,3.18,9.6,12.5,52.9,94.3,86.9,34.6,1.7,95.0
2025-05-30,79.5,77.1,7.13,412,0.74,145,197,454,7.16,377,2.78,10.1,11.9,62.6,94.0,86.2,66.5,3.6,94.5
2025-05-31,83.1,80.3,7.08,489,0.78,144,216,419,7.16,450,2.84,10.1,11.3,49.6,94.8,88.2,44.4,3.3,92.7
2025-06-01,93.1,90.2,7.19,503,0.84,152,205,389,7.22,464,3.17,12.7,8.2,51.2,96.0,86.8,51.9,2.9,94.4
2025-06-02,93.3,90.3,6.95,471,0.85,149,221,474,6.94,431,2.66,5.3,13.0,53.4,94.1,88.7,53.1,5.6,89.5
2025-06-03,91.9,89.5,7.16,489,0.9,171,211,376,7.22,437,3.0,11.3,9.7,38.8,95.4,89.7,56.2,4.6,91.9
2025-06-04,86.1,82.8,7.2,471,0.62,155,201,423,7.19,437,2.97,6.8,12.9,51.1,93.6,87.9,51.0,3.9,92.4
2025-06-05,90.1,86.8,7.04,506,0.69,167,240,451,7.13,451,2.19,11.3,18.5,33.8,92.3,92.5,53.5,5.1,90.4
2025-06-06,90.3,88.3,7.11,488,0.7,159,223,511,7.07,443,3.29,8.2,11.7,48.6,94.8,90.5,55.8,3.4,93.9
2025-06-07,85.6,83.7,7.1,422,0.63,128,218,411,7.03,371,2.13,7.4,13.5,59.9,93.8,85.4,52.4,3.4,93.6
2025-06-08,96.8,94.6,6.93,517,0.5,141,229,419,6.9,480,3.07,7.9,15.4,56.7,93.3,86.5,50.0,4.2,91.7
2025-06-09,94.3,91.1,7.12,476,0.3,149,186,414,7.16,434,2.09,6.0,13.7,48.6,92.6,88.3,47.2,4.5,90.4
2025-06-10,89.8,87.5,7.28,450,0.95,163,266,443,7.32,411,2.94,9.4,13.8,53.5,94.8,87.9,48.4,1.6,96.8
2025-06-11,90.9,87.9,7.05,478,0.54,180,223,458,7.12,417,3.44,7.5,12.1,44.8,94.6,90.2,58.4,7.0,88.1
2025-06-12,91.8,88.8,6.85,433,1.0,142,183,480,6.87,396,2.61,11.1,12.4,53.2,93.2,88.9,66.0,2.5,96.1
2025-06-13,82.4,79.1,6.95,455,0.88,150,250,468,6.96,416,2.6,10.8,10.5,76.1,95.8,83.7,47.0,4.8,89.8
2025-06-14,90.0,87.3,6.8,501,0.71,162,210,420,6.95,456,2.94,13.2,15.2,67.6,92.8,83.9,54.9,5.9,89.2
2025-06-15,88.3,84.7,7.23,505,0.86,149,249,474,7.36,448,2.57,10.1,8.5,53.6,96.6,88.7,45.0,1.3,97.2
2025-06-16,87.0,83.9,7.16,509,0.83,176,230,446,7.28,457,3.43,10.5,15.5,54.4,93.3,87.8,43.7,3.6,91.7
2025-06-17,90.2,88.0,6.98,501,0.6,128,196,474,7.06,439,2.78,12.5,9.4,45.6,95.2,90.4,50.8,3.8,92.5
2025-06-18,99.0,95.0,6.85,480,0.77,160,235,478,6.93,431,2.57,7.9,15.5,46.9,93.4,90.2,65.9,4.0,94.0
2025-06-19,94.2,90.1,6.93,502,0.62,160,235,512,6.95,444,2.48,5.9,12.1,56.0,94.9,89.1,53.8,2.2,95.9
2025-06-20,89.2,85.3,6.96,491,0.87,168,256,434,7.03,437,2.33,9.8,9.8,49.1,96.2,88.7,60.1,3.3,94.5
2025-06-21,94.1,92.1,7.07,455,0.66,150,244,428,7.07,400,2.45,6.0,14.5,60.3,94.1,85.9,57.9,5.7,90.2
2025-06-22,97.7,94.5,7.06,483,0.76,164,208,469,7.06,426,2.56,14.9,15.4,65.4,92.6,86.1,44.2,5.0,88.8
2025-06-23,95.7,92.4,7.24,538,0.75,146,256,500,7.2,470,2.5,12.6,11.9,55.8,95.4,88.8,50.0,5.6,88.9
2025-06-24,92.2,89.9,6.95,562,0.79,137,227,456,7.04,519,2.44,14.3,14.9,54.0,93.4,88.2,49.9,1.7,96.6
2025-06-25,89.3,87.2,6.84,533,1.02,134,273,505,6.91,480,3.54,9.4,7.1,40.1,97.4,92.1,56.2,1.9,96.6
2025-06-26,95.0,91.6,6.89,563,0.73,126,230,484,6.93,503,2.29,10.6,9.6,59.0,95.8,87.8,66.8,6.4,90.4
2025-06-27,93.8,91.3,7.05,518,0.95,142,234,450,7.08,467,2.76,8.2,16.4,44.3,93.0,90.2,51.6,4.3,91.6
2025-06-28,96.0,93.6,6.95,572,0.84,154,222,482,6.9,519,2.94,11.3,12.4,49.9,94.4,89.6,59.4,4.6,92.3
2025-06-29,95.0,92.3,7.01,580,0.98,146,230,444,7.08,520,2.95,6.5,8.2,60.7,96.4,86.3,65.9,5.8,91.1
2025-06-30,96.8,92.9,6.99,464,0.72,153,225,472,7.03,408,2.68,4.0,11.2,61.2,95.0,87.0,48.4,2.5,94.8
2025-07-01,90.3,88.2,7.19,528,0.87,169,267,421,7.3,468,2.6,7.5,10.6,49.6,96.0,88.2,49.6,4.1,91.8
2025-07-02,98.1,95.0,6.97,525,0.76,141,215,462,7.04,487,2.88,6.0,12.6,50.0,94.1,89.2,48.7,4.8,90.1
2025-07-03,93.5,90.0,7.0,510,0.32,187,261,506,7.1,455,2.81,12.7,12.0,47.7,95.4,90.6,55.9,5.1,90.9
2025-07-04,101.5,98.0,7.15,540,0.61,162,262,498,7.21,470,2.6,13.5,13.5,43.9,94.8,91.2,54.2,3.9,92.9
2025-07-05,89.9,86.0,6.97,527,0.86,146,274,494,7.04,463,2.08,6.1,12.8,48.2,95.3,90.2,52.7,2.7,94.8
2025-07-06,100.2,96.0,7.11,503,0.85,146,247,482,7.23,438,2.51,12.3,16.5,40.6,93.3,91.6,53.5,5.4,89.9
2025-07-07,93.8,91.4,7.1,527,0.58,133,225,478,7.14,489,2.24,11.5,14.1,58.5,93.7,87.8,46.9,2.8,94.1
2025-07-08,90.3,86.2,7.07,568,0.8,149,244,422,7.16,503,2.43,5.7,14.2,56.3,94.2,86.7,50.8,2.7,94.7
2025-07-09,91.1,87.9,6.89,537,0.85,115,261,465,6.92,496,2.71,8.4,16.0,57.6,93.9,87.6,56.8,3.2,94.3
2025-07-10,91.8,88.9,7.22,552,0.76,170,251,482,7.27,513,2.84,8.0,12.0,45.8,95.2,90.5,49.7,5.1,89.7
2025-07-11,95.0,90.9,7.36,524,0.88,104,258,431,7.4,474,3.41,11.0,9.7,43.9,96.2,89.8,66.1,6.3,90.5
2025-07-12,95.5,93.6,7.05,549,0.86,150,280,407,7.15,478,2.49,6.5,16.1,53.6,94.2,86.8,53.1,1.8,96.6
2025-07-13,91.0,87.4,6.9,497,0.76,131,264,520,6.93,434,3.01,9.1,13.4,53.7,94.9,89.7,47.7,3.8,92.1
2025-07-14,93.4,89.9,7.05,520,0.69,138,257,481,7.14,467,2.82,7.7,13.4,52.1,94.8,89.2,54.3,2.1,96.2
2025-07-15,102.5,98.7,7.19,534,0.93,140,214,489,7.17,477,3.22,10.4,11.4,50.9,94.7,89.6,45.4,2.7,94.0
2025-07-16,100.9,96.9,6.96,498,0.84,180,237,504,7.01,451,2.93,8.8,11.4,66.5,95.2,86.8,46.5,2.1,95.5
2025-07-17,95.5,91.2,7.03,513,0.56,132,246,443,7.03,459,2.3,8.1,15.2,56.5,93.8,87.2,47.0,2.5,94.7
2025-07-18,93.9,91.4,7.1,551,0.8,164,214,468,7.18,510,2.01,8.8,15.6,68.6,92.7,85.3,54.5,4.8,91.1
2025-07-19,94.3,92.3,7.22,546,0.6,168,233,520,7.27,492,2.82,14.0,15.0,63.1,93.6,87.9,53.7,5.4,90.0
2025-07-20,96.4,92.6,7.16,569,0.63,112,251,466,7.24,518,2.49,8.3,15.1,66.5,94.0,85.7,48.2,3.2,93.4
2025-07-21,89.6,87.1,7.16,525,0.67,140,255,476,7.27,484,2.31,6.9,14.5,44.8,94.3,90.6,52.5,2.5,95.3
2025-07-22,92.9,90.4,6.99,547,0.78,173,269,461,7.02,480,2.19,10.6,13.3,57.8,95.1,87.5,57.1,4.8,91.7
2025-07-23,87.0,84.9,7.11,524,0.83,128,254,459,7.14,463,2.76,9.0,12.5,49.8,95.1,89.2,63.2,2.2,96.6
2025-07-24,95.7,92.4,6.95,569,0.71,169,264,520,7.01,498,3.3,6.0,16.1,40.2,93.9,92.3,48.3,1.7,96.4
2025-07-25,96.8,93.2,7.17,580,0.72,149,251,391,7.18,509,2.54,14.4,12.0,64.9,95.2,83.4,60.9,4.1,93.3
2025-07-26,92.1,88.7,7.21,564,0.69,149,261,473,7.27,508,2.94,8.5,14.0,50.9,94.6,89.2,50.6,2.5,95.1
2025-07-27,100.8,98.1,7.13,580,0.93,151,270,501,7.19,515,2.66,8.4,10.9,45.0,96.0,91.0,45.5,2.1,95.4
2025-07-28,89.1,86.9,7.0,551,0.34,155,290,520,7.07,493,2.18,9.7,11.3,50.0,96.1,90.4,54.8,2.9,94.7
2025-07-29,88.2,84.6,7.02,577,0.72,134,251,448,7.11,520,2.99,13.3,12.4,47.0,95.1,89.5,49.2,4.4,91.0
2025-07-30,95.3,91.9,7.3,554,1.0,145,266,442,7.27,487,2.26,5.4,10.9,47.8,95.9,89.2,65.3,7.4,88.7
2025-07-31,98.8,96.6,7.0,520,0.85,155,281,461,6.98,469,2.71,9.9,15.1,51.5,94.6,88.8,41.6,3.1,92.5
2025-08-01,101.5,99.0,7.2,561,0.96,152,233,520,7.19,491,2.56,14.1,9.5,66.7,95.9,87.2,53.6,4.5,91.5
2025-08-02,92.6,90.7,7.1,522,0.46,155,290,502,7.16,464,3.06,9.6,13.3,48.0,95.4,90.4,52.4,2.1,96.0
2025-08-03,99.1,96.5,7.0,580,0.58,138,289,440,7.05,520,2.28,6.5,13.3,66.1,95.4,85.0,56.7,6.4,88.8
2025-08-04,94.4,91.1,6.86,544,0.85,160,229,502,6.8,504,2.86,7.9,8.3,59.8,96.4,88.1,63.3,7.5,88.1
2025-08-05,93.9,91.1,7.08,576,1.0,152,273,520,7.26,514,2.36,9.8,11.9,56.3,95.6,89.2,49.0,6.3,87.1
2025-08-06,98.4,95.6,7.06,556,0.6,124,254,510,7.0,485,2.5,12.4,13.7,59.0,94.6,88.4,55.6,3.6,93.6
2025-08-07,97.4,93.2,7.3,518,0.71,141,258,507,7.36,462,1.6,8.5,14.1,53.3,94.5,89.5,53.9,4.1,92.4
2025-08-08,88.1,85.3,6.93,497,0.83,135,274,510,7.02,436,3.54,11.2,12.5,63.2,95.4,87.6,57.2,5.1,91.1
2025-08-09,101.0,98.2,7.37,580,0.55,135,289,518,7.39,512,2.92,6.0,14.8,57.6,94.9,88.9,53.6,5.5,89.7
2025-08-10,100.6,96.5,7.1,580,0.85,142,257,451,7.2,520,2.39,6.0,12.7,40.2,95.1,91.1,51.4,3.5,93.2
2025-08-11,92.2,89.8,7.1,536,0.37,159,258,493,7.1,468,2.25,8.2,13.0,55.5,95.0,88.7,50.8,2.7,94.8
2025-08-12,96.5,93.6,6.97,507,0.84,139,276,495,7.04,455,2.5,12.6,13.7,59.3,95.0,88.0,43.9,1.6,96.3
2025-08-13,96.9,94.9,7.09,550,0.62,153,280,484,7.02,498,2.99,9.5,15.4,50.9,94.5,89.5,42.6,4.4,89.7
2025-08-14,96.0,91.8,7.12,530,0.7,150,247,520,7.25,474,1.94,10.0,11.2,54.2,95.5,89.6,51.1,3.7,92.8
2025-08-15,92.6,89.1,7.18,540,0.87,137,290,478,7.24,470,2.64,9.9,11.7,48.4,96.0,89.9,59.9,2.4,95.9
2025-08-16,92.1,89.4,6.91,580,0.84,144,255,490,6.88,520,3.41,11.9,11.3,42.5,95.6,91.3,53.3,6.3,88.2
2025-08-17,94.9,91.3,7.25,560,0.77,163,289,454,7.34,499,2.25,7.9,12.1,41.1,95.8,90.9,52.7,3.2,93.9
2025-08-18,99.9,97.2,7.1,535,0.92,152,279,520,7.26,490,2.73,10.9,16.7,41.2,94.0,92.1,49.1,3.4,93.1
2025-08-19,97.3,94.7,7.14,580,0.51,158,282,520,7.14,515,3.58,7.4,14.5,58.4,94.9,88.8,51.3,5.6,89.0
2025-08-20,93.5,89.5,7.02,580,0.8,170,257,491,7.07,520,2.95,13.9,10.1,33.8,96.1,93.1,52.7,3.1,94.1
2025-08-21,98.3,95.1,6.92,552,0.65,156,234,520,6.95,493,2.75,7.5,11.4,48.0,95.1,90.8,51.9,5.4,89.7
2025-08-22,83.1,80.4,7.06,567,0.91,119,270,500,7.07,504,2.9,7.3,14.0,47.2,94.8,90.6,59.1,4.4,92.5
2025-08-23,99.9,96.3,7.08,580,0.87,154,270,405,7.08,505,2.54,10.6,10.6,51.0,96.1,87.4,44.6,1.8,95.9
2025-08-24,87.8,85.9,6.86,577,0.88,140,250,504,6.88,514,3.22,9.5,11.1,38.7,95.6,92.3,42.3,1.7,96.0
2025-08-25,93.5,91.3,7.16,565,1.02,178,290,499,7.19,520,2.54,10.1,16.5,56.4,94.3,88.7,50.1,5.0,89.9
2025-08-26,90.4,87.9,7.19,580,0.94,156,269,510,7.23,520,1.92,9.8,11.4,43.3,95.8,91.5,48.2,1.7,96.5
2025-08-27,89.6,87.2,6.95,580,0.75,140,253,517,6.98,509,2.54,6.8,15.5,62.0,93.9,88.0,57.8,6.7,88.4
2025-08-28,100.0,96.6,6.91,549,0.77,159,283,479,7.01,497,2.31,13.0,16.3,48.4,94.2,89.9,74.2,4.8,93.5
2025-08-29,93.1,91.1,7.01,549,0.86,151,283,520,7.11,507,2.59,11.4,11.1,52.5,96.1,89.9,59.6,3.0,95.0
2025-08-30,96.5,93.9,7.05,546,0.79,122,255,504,7.02,497,2.6,12.4,10.7,53.2,95.8,89.4,52.7,2.3,95.7
2025-08-31,94.9,92.3,7.01,580,0.88,163,290,498,7.04,509,3.18,8.1,12.3,55.1,95.8,88.9,54.1,6.2,88.5
2025-09-01,97.1,94.8,7.04,543,0.44,143,290,520,7.18,500,2.98,10.3,10.2,53.5,96.5,89.7,58.6,6.7,88.5
2025-09-02,95.4,91.8,7.08,550,1.05,172,247,507,7.16,488,2.81,9.8,13.3,49.9,94.6,90.2,56.1,4.5,91.9
2025-09-03,89.7,87.4,6.86,580,0.78,148,266,520,6.94,520,2.7,11.9,12.5,55.9,95.3,89.2,53.5,2.1,96.2
2025-09-04,99.2,95.3,6.87,569,0.53,173,277,498,6.95,512,2.28,12.0,13.9,56.8,95.0,88.6,51.6,2.7,94.8
2025-09-05,93.0,89.6,6.67,580,0.63,156,290,520,6.8,520,1.83,9.7,16.6,47.2,94.3,90.9,56.9,6.8,88.1
2025-09-06,88.5,85.3,7.18,580,0.45,165,255,476,7.24,520,2.75,5.8,15.1,56.5,94.1,88.1,46.7,5.7,87.8
2025-09-07,93.2,91.3,7.05,525,0.61,142,250,520,7.09,486,3.02,13.4,14.3,62.5,94.3,88.0,63.0,4.0,93.6
2025-09-08,101.3,98.9,7.2,559,0.75,155,250,518,7.31,486,2.66,10.6,7.9,58.7,96.8,88.7,54.7,5.2,90.5
2025-09-09,98.6,95.9,6.89,580,1.0,122,290,491,6.93,520,2.49,7.9,14.2,60.5,95.1,87.7,52.5,5.9,88.7
2025-09-10,93.5,91.0,7.05,523,0.83,147,254,470,7.11,456,2.89,10.2,17.5,54.5,93.1,88.4,48.9,4.3,91.2
2025-09-11,93.5,90.6,7.08,575,0.8,126,251,452,7.18,509,2.67,5.8,5.2,45.9,97.9,89.8,63.2,4.1,93.5
2025-09-12,93.6,91.6,6.97,560,0.6,131,274,520,7.01,504,3.37,11.7,14.8,46.9,94.6,91.0,48.9,3.7,92.4
2025-09-13,103.6,100.3,6.83,504,0.65,135,275,448,6.89,452,3.19,5.9,12.6,55.7,95.4,87.6,54.6,4.6,91.6
2025-09-14,96.5,93.1,7.29,564,0.66,160,290,520,7.33,511,3.08,8.8,10.8,60.6,96.3,88.3,56.5,4.1,92.7
2025-09-15,96.7,92.7,7.25,533,0.66,147,270,452,7.3,479,3.0,9.9,15.1,74.9,94.4,83.4,49.1,2.1,95.7
2025-09-16,99.2,96.6,7.0,522,0.72,150,273,495,7.04,483,2.18,11.7,17.4,60.9,93.6,87.7,65.0,3.6,94.4
2025-09-17,95.8,93.3,7.12,559,0.73,147,265,467,7.15,494,2.97,9.5,15.0,44.1,94.3,90.6,58.2,3.9,93.3
2025-09-18,93.7,90.4,6.98,497,0.72,167,240,503,7.0,440,2.85,10.8,12.0,47.2,95.0,90.6,68.2,6.4,90.6
2025-09-19,93.9,89.8,6.91,536,0.67,150,263,502,6.96,495,2.94,9.2,10.5,71.0,96.0,85.9,52.7,5.7,89.1
2025-09-20,94.4,92.1,7.31,580,0.79,153,268,518,7.4,507,2.9,9.2,13.4,51.5,95.0,90.1,56.0,3.8,93.2
2025-09-21,94.5,90.3,6.82,577,0.72,140,257,439,6.92,520,2.88,9.5,15.3,53.6,94.0,87.8,58.2,2.8,95.2
2025-09-22,97.7,95.0,7.01,528,0.53,168,233,469,6.98,480,3.7,8.9,12.0,45.7,94.8,90.3,50.5,5.5,89.1
2025-09-23,94.8,92.9,7.06,580,0.78,169,241,520,7.1,520,2.67,5.4,12.2,65.4,94.9,87.4,49.0,2.8,94.3
2025-09-24,97.6,94.3,7.28,523,0.75,149,264,520,7.3,476,3.07,7.5,20.3,57.1,92.3,89.0,49.3,4.7,90.4
2025-09-25,94.2,90.5,7.18,536,0.53,140,284,397,7.14,471,2.51,9.9,15.8,47.2,94.4,88.1,48.9,2.5,95.0
2025-09-26,94.8,92.2,6.82,517,0.68,124,290,512,6.89,476,3.02,8.7,16.0,45.4,94.5,91.1,48.0,2.6,94.5
2025-09-27,86.0,83.9,7.05,561,0.86,136,259,454,7.1,492,3.08,8.9,9.2,55.6,96.4,87.8,52.4,1.9,96.4
2025-09-28,98.2,95.2,7.05,580,0.6,115,248,471,7.23,518,2.85,8.6,11.2,53.5,95.5,88.6,45.6,2.2,95.2
2025-09-29,95.8,93.8,7.02,519,0.58,135,254,485,7.06,453,3.37,7.3,13.2,59.7,94.8,87.7,55.6,2.7,95.2
2025-09-30,98.5,94.2,7.14,484,0.72,155,240,520,7.15,436,2.35,8.2,10.4,57.5,95.7,88.9,49.0,6.0,87.8
2025-10-01,82.1,79.4,6.85,580,0.86,149,278,451,6.86,520,2.51,8.6,17.2,51.1,93.8,88.7,54.8,3.0,94.5
2025-10-02,103.0,100.2,6.99,580,1.04,187,290,436,7.03,520,2.78,9.3,16.7,49.0,94.2,88.8,41.5,3.6,91.3
2025-10-03,93.6,91.4,7.12,484,0.87,144,246,509,7.21,442,3.05,10.2,11.6,52.0,95.3,89.8,48.0,4.8,90.0
2025-10-04,98.7,94.7,7.15,562,0.93,142,234,489,7.25,507,2.77,8.9,17.6,48.9,92.5,90.0,57.3,2.8,95.1
2025-10-05,89.7,87.4,7.07,553,0.82,167,280,520,7.31,512,3.21,6.9,13.0,52.2,95.4,90.0,37.8,2.6,93.1
2025-10-06,96.6,93.5,7.01,520,0.67,119,265,474,7.0,467,2.44,6.1,19.7,53.3,92.6,88.8,56.9,2.1,96.3
2025-10-07,89.5,86.4,7.03,500,0.87,126,265,520,7.1,451,2.24,15.3,13.4,46.2,94.9,91.1,47.4,1.8,96.3
2025-10-08,91.3,87.4,7.15,575,0.76,160,290,487,7.17,520,2.82,6.7,14.5,58.1,95.0,88.1,37.7,2.6,93.2
2025-10-09,101.9,99.5,7.05,548,0.83,146,228,506,7.14,490,2.67,8.1,16.6,50.3,92.7,90.1,39.5,2.6,93.3
2025-10-10,92.9,89.1,6.9,549,0.63,147,226,520,7.05,505,2.92,10.5,16.3,46.6,92.8,91.0,34.1,2.8,91.8
2025-10-11,94.6,91.1,6.88,520,0.84,135,252,477,6.99,458,2.69,10.1,14.3,50.5,94.3,89.4,53.9,5.8,89.2
2025-10-12,97.3,93.6,6.84,513,0.75,153,256,520,6.83,463,2.56,10.5,12.6,55.1,95.1,89.4,52.7,3.7,93.0
2025-10-13,95.6,93.4,7.25,460,0.8,137,246,457,7.35,420,2.67,8.3,14.3,53.8,94.2,88.2,52.4,4.5,91.3
2025-10-14,94.1,91.5,7.16,530,0.76,151,290,489,7.1,489,2.71,9.8,10.9,56.5,96.2,88.4,52.6,4.0,92.4
2025-10-15,95.0,92.6,7.04,580,0.73,131,246,421,6.95,520,2.58,9.4,13.4,60.2,94.6,85.7,41.8,3.6,91.5
2025-10-16,103.5,99.5,6.99,506,0.84,147,240,458,7.03,455,2.62,8.6,10.1,63.4,95.8,86.2,47.5,3.4,92.9
2025-10-17,93.1,90.3,6.97,485,0.71,182,253,434,7.07,440,2.54,9.9,8.4,55.4,96.7,87.2,43.6,5.0,88.4
2025-10-18,94.1,91.2,7.2,546,0.53,143,270,520,7.28,487,3.04,11.7,13.1,44.9,95.1,91.4,50.2,3.1,93.8
2025-10-19,97.6,95.2,7.32,551,0.49,147,234,520,7.4,494,2.78,9.2,16.3,51.1,93.0,90.2,62.1,3.0,95.2
2025-10-20,97.7,95.5,6.97,511,0.8,146,245,459,7.03,472,3.6,9.3,15.4,45.4,93.7,90.1,36.9,3.5,90.4
2025-10-21,98.0,93.6,7.21,518,0.7,152,268,441,7.26,479,2.76,11.8,12.8,66.4,95.2,84.9,42.0,2.5,94.0
2025-10-22,95.6,92.9,7.05,536,0.51,157,269,418,7.18,495,2.48,11.5,17.5,68.7,93.5,83.6,44.1,3.5,92.1
2025-10-23,88.1,84.2,7.02,521,0.79,154,250,480,7.06,457,3.7,12.9,11.5,58.3,95.4,87.9,44.4,1.2,97.3
2025-10-24,99.6,96.5,7.26,557,0.76,154,290,444,7.34,512,2.87,5.3,8.0,59.9,97.2,86.5,49.6,3.7,92.6
2025-10-25,87.9,84.6,7.05,580,0.7,147,286,445,7.14,520,3.1,11.4,7.3,55.2,97.4,87.6,44.4,3.4,92.3
2025-10-26,93.9,90.4,7.09,468,0.81,151,214,520,7.09,417,2.94,10.7,9.9,56.1,95.4,89.2,48.0,4.1,91.4
2025-10-27,89.4,86.2,7.08,561,0.97,146,207,452,7.17,505,2.95,7.3,15.1,40.7,92.7,91.0,54.3,5.5,89.8
2025-10-28,92.2,89.5,6.82,523,0.96,121,258,486,7.01,479,2.91,9.9,11.3,52.6,95.6,89.2,45.6,5.0,89.1
2025-10-29,93.8,90.3,7.09,563,0.79,192,269,464,7.22,508,2.26,11.7,14.2,46.3,94.7,90.0,44.4,3.4,92.3
2025-10-30,93.7,91.2,6.97,540,0.76,161,235,406,6.98,501,2.85,7.4,17.3,55.4,92.6,86.4,34.3,1.5,95.6
2025-10-31,94.0,90.7,6.85,518,0.79,134,228,385,7.05,464,2.17,10.3,10.1,52.7,95.6,86.3,52.9,2.4,95.6
2025-11-01,98.9,94.6,6.98,539,0.82,153,221,477,7.08,492,2.63,11.3,14.2,68.4,93.6,85.7,45.6,3.4,92.4
2025-11-02,94.0,91.6,6.98,501,0.73,128,212,520,7.06,459,2.41,6.8,14.4,60.3,93.2,88.4,34.8,3.7,89.3
2025-11-03,91.0,87.5,7.19,487,0.8,142,260,467,7.25,438,2.84,9.0,10.8,55.4,95.8,88.1,51.3,4.1,92.1
2025-11-04,96.0,92.7,6.9,536,0.53,126,227,478,7.0,493,2.83,10.0,16.5,51.1,92.7,89.3,45.9,4.4,90.5
2025-11-05,96.8,94.1,6.94,482,0.78,149,240,416,7.01,435,2.89,7.5,12.3,66.3,94.9,84.1,45.6,1.6,96.4
2025-11-06,86.6,83.4,7.08,528,0.84,124,195,491,7.14,472,2.81,7.3,12.0,53.0,93.8,89.2,53.8,6.2,88.6
2025-11-07,94.2,90.1,6.86,507,0.7,156,253,489,6.92,444,2.46,9.0,18.5,55.8,92.7,88.6,61.7,4.5,92.7
2025-11-08,94.5,91.1,6.96,430,0.76,160,244,420,7.08,384,2.6,11.1,14.4,53.5,94.1,87.3,42.6,4.9,88.4
2025-11-09,90.2,88.3,6.82,485,0.6,136,202,468,6.93,443,3.07,10.8,15.4,50.0,92.4,89.3,36.3,3.7,89.9
2025-11-10,97.2,94.3,7.18,512,0.58,152,235,374,7.23,473,3.13,7.3,16.5,53.5,93.0,85.7,36.0,1.0,97.1
2025-11-11,90.7,88.1,7.01,487,0.8,135,228,472,6.98,431,2.24,10.8,11.3,37.9,95.0,92.0,39.7,4.2,89.4
2025-11-12,91.7,89.1,7.05,417,0.66,158,218,419,7.11,371,2.09,7.4,16.2,41.1,92.6,90.2,42.8,2.1,95.1
2025-11-13,90.4,86.8,7.18,539,0.5,138,165,391,7.2,473,2.41,5.6,11.7,55.9,92.9,85.7,47.6,1.7,96.4
2025-11-14,91.1,87.9,6.95,501,0.6,162,211,455,6.98,456,3.12,8.5,11.6,65.4,94.5,85.6,53.1,2.9,94.6
2025-11-15,86.3,84.1,7.01,508,0.63,121,231,366,7.06,471,3.19,11.9,12.3,55.9,94.7,84.7,51.0,2.3,95.5
2025-11-16,84.8,81.2,6.9,478,0.89,133,212,449,6.9,434,2.33,10.8,11.4,47.6,94.6,89.4,52.3,4.8,90.8
2025-11-17,97.5,93.7,6.9,508,0.8,132,218,389,6.87,460,2.82,9.3,15.1,41.9,93.1,89.2,36.3,2.9,91.9
2025-11-18,87.1,83.8,6.92,548,0.64,153,253,379,7.0,494,3.43,8.3,13.7,59.3,94.6,84.4,44.5,4.8,89.3
2025-11-19,86.4,83.5,6.98,465,0.68,158,219,434,7.04,407,2.87,8.4,11.7,48.8,94.7,88.8,44.0,1.6,96.4
2025-11-20,81.4,79.8,7.0,540,0.97,154,175,423,7.06,493,3.27,9.6,14.8,58.2,91.5,86.2,60.2,6.5,89.2
2025-11-21,87.7,83.9,7.09,498,0.91,141,214,486,7.18,451,3.1,6.8,12.3,56.2,94.3,88.4,57.5,2.9,94.9
2025-11-22,84.7,82.0,6.93,456,0.6,105,219,375,6.95,414,2.34,8.5,12.1,56.9,94.5,84.8,63.4,6.3,90.0
2025-11-23,97.1,93.2,7.09,553,0.94,150,199,480,7.17,510,2.62,8.8,13.1,53.5,93.4,88.9,40.9,3.2,92.3
2025-11-24,94.4,92.4,7.12,493,0.76,162,231,378,7.26,452,2.71,6.2,14.2,56.2,93.9,85.1,44.9,5.2,88.4
2025-11-25,87.1,83.5,6.98,501,0.89,192,183,459,7.03,459,2.74,7.4,14.0,52.3,92.3,88.6,41.0,2.2,94.7
2025-11-26,99.4,95.9,6.94,469,0.75,143,210,465,7.11,434,3.07,10.2,12.1,48.2,94.2,89.6,39.0,2.2,94.4
2025-11-27,94.0,91.5,7.06,450,0.95,139,181,432,7.12,418,2.86,9.3,15.2,45.7,91.6,89.4,44.5,1.5,96.6
2025-11-28,88.4,86.0,7.02,480,0.6,155,205,386,7.03,434,1.6,8.6,12.4,34.6,94.0,91.0,50.4,1.8,96.4
2025-11-29,79.2,76.4,7.08,523,0.73,145,225,355,7.19,458,2.17,7.2,11.3,51.8,95.0,85.4,38.1,1.5,96.0
2025-11-30,99.2,95.6,7.27,461,0.95,170,206,336,7.32,413,1.83,12.9,9.2,65.1,95.5,80.6,48.3,1.9,96.0
2025-12-01,83.6,80.7,7.06,469,0.41,137,203,487,7.18,430,2.77,7.4,15.6,58.9,92.3,87.9,42.8,4.8,88.7
2025-12-02,82.5,79.3,6.96,515,0.76,146,207,399,7.05,448,2.8,9.9,13.0,55.0,93.7,86.2,43.2,5.1,88.3
2025-12-03,93.6,89.8,6.93,457,0.71,164,207,365,6.97,399,2.81,8.2,13.5,47.5,93.5,87.0,52.3,3.0,94.2
2025-12-04,99.4,96.2,6.93,481,0.87,154,219,362,7.08,420,2.32,9.4,15.7,61.0,92.8,83.1,64.9,6.6,89.9
2025-12-05,94.9,91.3,6.85,492,0.93,168,218,413,6.88,449,2.97,10.4,11.8,52.3,94.6,87.3,40.6,1.1,97.4
2025-12-06,91.4,87.9,7.18,456,0.88,143,233,389,7.11,410,2.99,6.1,9.4,65.5,96.0,83.2,47.0,2.3,95.0
2025-12-07,91.4,88.8,6.74,470,0.81,170,205,327,6.85,419,2.2,9.3,13.2,45.5,93.6,86.1,47.1,3.9,91.8
2025-12-08,92.4,90.5,7.12,480,0.78,123,166,436,7.2,420,2.11,12.0,13.8,47.4,91.7,89.1,49.7,2.1,95.7
2025-12-09,91.9,89.2,6.93,444,0.72,124,218,414,7.07,405,2.7,13.4,12.3,46.6,94.4,88.7,43.8,1.7,96.2
2025-12-10,89.8,86.0,6.98,482,0.8,170,227,472,6.99,428,3.42,9.0,16.8,41.6,92.6,91.2,44.0,4.5,89.9
2025-12-11,89.0,85.2,6.92,437,0.99,150,249,443,6.97,387,3.38,9.4,6.5,45.9,97.4,89.6,46.2,2.9,93.8
2025-12-12,88.2,86.3,7.25,431,0.65,164,227,300,7.29,391,2.93,14.4,15.9,54.0,93.0,82.0,46.2,3.3,92.8
2025-12-13,85.2,82.0,7.05,402,0.71,151,185,451,7.17,363,2.41,11.9,15.1,47.6,91.8,89.4,48.7,4.4,90.9
2025-12-14,87.1,83.4,7.16,434,0.76,149,199,441,7.26,387,3.05,7.9,14.2,33.0,92.9,92.5,37.6,3.3,91.2
2025-12-15,81.1,78.6,7.23,422,0.92,128,188,362,7.3,383,2.52,7.9,4.3,61.6,97.7,83.0,45.7,3.7,91.9
2025-12-16,87.7,85.1,7.07,434,0.8,149,184,372,7.15,384,2.39,11.5,16.3,40.1,91.1,89.2,45.2,3.7,91.7
2025-12-17,83.9,81.4,6.88,465,0.92,171,189,405,6.87,426,1.84,7.0,10.3,57.8,94.6,85.7,46.5,5.1,89.0
2025-12-18,83.3,80.1,7.02,389,0.93,150,218,346,7.13,343,2.74,11.8,11.7,53.4,94.6,84.6,42.5,1.9,95.6
2025-12-19,88.6,84.6,6.95,379,0.86,160,156,376,7.05,340,2.45,10.1,12.6,69.7,91.9,81.5,46.1,2.9,93.6
2025-12-20,93.6,91.6,6.98,417,0.61,160,168,424,7.18,382,2.74,10.5,14.1,61.0,91.6,85.6,41.3,2.7,93.5
2025-12-21,91.5,88.0,7.04,454,1.02,133,213,403,7.12,414,1.78,8.7,14.7,49.3,93.1,87.8,40.3,3.1,92.4
2025-12-22,81.0,78.7,7.03,447,0.98,163,217,354,7.13,393,2.77,7.9,15.3,47.7,92.9,86.5,42.1,2.0,95.4
2025-12-23,83.3,81.1,7.11,412,0.78,144,172,421,7.2,361,1.73,12.7,15.1,64.9,91.2,84.6,37.7,3.0,92.1
2025-12-24,91.4,88.6,7.13,473,0.56,145,220,390,7.15,435,3.14,8.7,13.7,41.7,93.8,89.3,51.3,2.5,95.2
2025-12-25,83.2,80.1,7.03,413,0.54,183,205,388,7.17,378,2.91,8.4,14.1,54.7,93.1,85.9,38.3,2.4,93.7
2025-12-26,86.3,83.0,7.11,447,0.81,159,178,355,7.16,397,2.59,9.1,10.2,52.2,94.3,85.3,48.7,3.3,93.1
2025-12-27,89.5,86.8,6.97,419,0.66,139,140,374,7.02,381,2.93,9.7,11.0,50.5,92.1,86.5,41.5,1.5,96.3
2025-12-28,83.0,81.1,7.23,402,0.51,151,146,342,7.29,352,2.31,6.9,15.3,56.0,89.5,83.6,43.6,4.2,90.3
2025-12-29,87.4,85.6,6.97,409,0.53,150,167,300,7.03,368,2.73,8.0,15.2,54.7,90.9,81.8,54.5,2.1,96.1
2025-12-30,81.3,77.9,7.22,451,0.7,176,195,359,7.25,392,3.02,7.9,14.9,56.8,92.4,84.2,42.0,1.7,96.0
2025-12-31,84.3,80.8,6.84,437,0.8,150,195,364,6.92,390,1.6,11.2,11.7,54.3,94.0,85.1,39.5,1.9,95.1
2026-01-01,88.1,86.2,7.0,455,0.98,185,168,373,7.05,397,2.52,7.3,15.4,56.5,90.8,84.9,46.0,4.8,89.5
2026-01-02,80.0,77.9,7.0,435,0.84,129,172,415,7.05,390,2.69,5.3,10.0,53.9,94.2,87.0,42.0,3.4,91.9
2026-01-03,88.5,86.4,7.09,370,0.71,149,175,339,7.18,340,2.62,4.8,15.8,48.1,91.0,85.8,53.4,4.8,91.1
2026-01-04,86.5,83.0,7.17,488,0.83,137,171,349,7.24,437,3.28,5.9,12.3,53.2,92.8,84.8,41.2,3.7,91.1
2026-01-05,88.8,86.1,6.88,431,0.81,142,178,393,6.9,376,2.25,12.4,17.4,47.6,90.2,87.9,51.4,6.2,87.9
2026-01-06,87.3,84.9,6.89,435,0.88,142,173,331,6.91,387,2.45,9.3,9.0,47.1,94.8,85.8,41.4,3.7,91.0
2026-01-07,92.0,89.5,6.85,405,0.76,138,140,366,6.92,370,1.93,10.5,17.6,50.6,87.4,86.2,50.9,2.2,95.7
2026-01-08,86.8,83.8,7.23,451,0.93,177,168,342,7.25,402,3.3,10.5,12.1,52.3,92.8,84.7,56.6,6.2,89.0
2026-01-09,84.4,80.6,7.09,380,0.89,172,171,348,7.1,346,2.6,9.4,12.0,53.5,93.0,84.6,47.7,3.5,92.6
2026-01-10,86.6,84.0,6.9,433,0.78,156,191,387,6.91,386,2.52,9.1,13.5,60.3,92.9,84.4,43.8,3.8,91.3
2026-01-11,88.3,84.9,6.99,370,0.75,142,152,340,7.06,340,2.68,11.7,11.2,49.3,92.6,85.5,47.4,2.3,95.1
2026-01-12,86.2,83.3,7.22,433,0.91,139,173,386,7.35,391,2.95,9.6,12.8,54.7,92.6,85.8,43.4,1.4,96.8
2026-01-13,86.1,84.3,7.01,375,0.66,161,180,300,7.09,347,2.84,12.5,11.1,54.1,93.8,82.0,52.2,4.1,92.2
2026-01-14,82.9,80.0,7.0,418,0.54,154,164,300,7.12,366,3.7,10.7,11.2,48.5,93.2,83.8,40.7,2.9,92.9
2026-01-15,83.0,81.0,6.94,451,0.54,147,140,300,7.0,393,2.88,7.9,14.3,53.8,89.8,82.1,48.0,4.4,90.8
2026-01-16,79.8,76.6,6.91,433,0.65,158,187,303,6.98,392,2.51,8.2,10.7,61.0,94.3,79.9,53.9,5.7,89.4
2026-01-17,93.0,90.4,7.22,445,0.87,164,181,423,7.37,412,2.48,7.6,11.0,54.7,93.9,87.1,45.0,3.5,92.2
2026-01-18,80.4,78.7,7.28,441,0.71,147,169,347,7.39,409,2.54,12.1,9.4,55.0,94.4,84.1,49.8,3.7,92.5
2026-01-19,82.6,79.1,6.91,387,0.8,137,165,318,7.03,347,2.1,8.4,11.7,47.7,92.9,85.0,46.5,1.8,96.2
2026-01-20,82.5,78.8,7.25,422,0.7,128,140,377,7.29,378,2.72,7.5,16.4,68.6,88.3,81.8,42.1,2.9,93.1
2026-01-21,89.2,86.1,6.98,370,0.7,154,179,382,7.04,340,3.01,10.0,10.8,48.1,94.0,87.4,47.9,4.9,89.8
2026-01-22,84.1,80.5,7.12,379,0.62,184,193,300,7.21,342,2.45,9.1,11.1,40.2,94.2,86.6,31.9,2.7,91.5
2026-01-23,90.5,88.2,7.25,445,0.76,132,140,443,7.27,404,2.38,10.0,13.5,59.9,90.4,86.5,39.5,3.7,90.5
2026-01-24,82.4,80.6,7.03,387,0.74,167,189,353,6.95,356,3.31,13.6,12.0,52.3,93.7,85.2,42.8,1.8,95.8
2026-01-25,86.4,83.4,7.0,370,0.83,139,184,357,7.09,340,2.13,11.4,18.8,50.8,89.8,85.8,45.2,3.6,92.0
2026-01-26,81.6,78.5,7.16,462,0.81,142,140,360,7.28,415,1.87,9.4,12.6,48.9,91.0,86.4,51.4,2.3,95.4
2026-01-27,94.1,90.9,6.89,415,0.74,164,151,359,6.96,372,2.24,6.1,13.9,67.8,90.8,81.1,42.2,2.7,93.7
2026-01-28,80.1,77.9,7.21,420,0.54,145,140,314,7.23,381,2.08,8.2,15.5,56.0,88.9,82.2,40.4,3.3,91.9
2026-01-29,86.3,82.4,7.07,370,0.93,153,157,423,7.11,340,2.85,10.9,15.4,57.5,90.2,86.4,42.7,2.6,93.8
2026-01-30,87.6,85.0,6.97,403,0.76,153,167,326,6.91,361,2.56,6.6,13.6,54.5,91.9,83.3,38.9,2.6,93.4
2026-01-31,86.7,84.1,6.97,402,0.78,139,140,375,7.01,350,2.61,14.2,12.6,55.3,91.0,85.3,49.7,6.2,87.6
2026-02-01,84.1,81.7,6.86,370,1.01,164,165,317,6.85,340,3.16,9.3,18.3,64.1,88.9,79.8,41.4,5.3,87.2
2026-02-02,84.3,81.0,6.97,387,0.91,149,170,309,6.99,348,2.42,9.4,12.7,51.2,92.5,83.4,32.8,2.4,92.6
2026-02-03,85.0,82.7,7.01,370,0.84,127,170,411,7.0,340,3.01,7.8,11.9,41.8,93.0,89.8,37.1,1.6,95.8
2026-02-04,84.1,80.5,6.9,380,0.77,135,165,330,6.88,340,3.3,10.4,11.3,60.0,93.2,81.8,36.9,3.6,90.2
2026-02-05,88.8,85.2,7.04,421,0.77,100,140,332,7.04,379,2.52,6.6,8.5,57.1,93.9,82.8,48.7,4.1,91.7
2026-02-06,94.0,91.8,7.12,370,0.81,150,152,344,7.21,340,2.99,14.3,15.1,54.0,90.1,84.3,60.4,3.8,93.7
2026-02-07,82.3,80.1,7.02,450,0.83,170,162,436,7.05,394,2.6,12.3,6.9,56.9,95.7,86.9,40.2,4.4,89.0
2026-02-08,78.9,75.4,7.14,370,1.03,133,185,418,7.14,343,3.07,11.6,13.0,50.3,93.0,88.0,46.1,3.8,91.8
2026-02-09,84.2,81.0,6.94,380,1.14,159,154,382,7.04,350,2.07,6.1,12.5,53.4,91.9,86.0,47.9,1.8,96.2
2026-02-10,95.4,91.6,7.19,370,0.81,156,162,445,7.26,340,2.04,9.8,18.8,52.2,88.4,88.3,43.8,1.2,97.3
2026-02-11,81.2,78.1,7.07,381,0.45,137,140,300,6.99,347,2.54,12.1,8.2,48.6,94.1,83.8,46.6,1.6,96.7
2026-02-12,91.4,87.9,7.27,431,0.63,174,140,356,7.39,383,2.34,10.7,10.7,62.5,92.4,82.4,44.7,3.3,92.6
2026-02-13,91.5,87.6,7.39,370,1.04,145,140,332,7.4,343,2.49,7.0,12.6,42.2,91.0,87.3,48.4,3.8,92.1
2026-02-14,82.1,79.4,6.98,372,0.88,182,143,300,7.09,340,2.61,7.8,12.5,71.6,91.3,76.1,40.7,4.0,90.1
2026-02-15,86.8,84.5,6.99,407,0.83,123,195,347,7.04,359,2.99,8.3,11.6,60.0,94.1,82.7,58.0,5.9,89.8
2026-02-16,91.3,88.5,7.02,388,0.74,145,143,309,7.17,350,2.54,7.9,12.8,39.3,91.0,87.3,50.3,2.8,94.4
2026-02-17,82.8,80.5,7.13,391,0.59,147,159,389,7.17,359,2.37,12.8,9.7,51.5,93.9,86.8,54.9,1.6,97.1
2026-02-18,83.5,79.9,7.24,370,1.02,149,163,312,7.14,340,2.56,4.9,13.9,51.9,91.5,83.4,43.2,3.2,92.6
2026-02-19,81.9,80.2,6.96,382,0.65,161,140,309,6.97,348,2.39,10.8,7.0,56.3,95.0,81.8,47.7,3.3,93.2
2026-02-20,80.1,78.2,7.1,421,0.88,204,142,389,7.19,367,2.33,6.3,12.9,45.5,90.9,88.3,41.9,3.5,91.6
2026-02-21,81.6,79.6,7.03,370,0.57,157,164,324,7.1,342,2.05,7.1,11.4,53.4,93.0,83.5,40.0,3.7,90.8
2026-02-22,79.2,77.3,7.14,370,0.74,150,160,373,7.19,340,2.73,4.7,15.6,52.3,90.3,86.0,45.8,2.1,95.4
2026-02-23,84.5,82.6,7.26,370,0.92,132,140,344,7.26,342,2.47,8.0,17.6,47.4,87.4,86.2,50.9,3.8,92.5
2026-02-24,81.1,78.5,7.02,401,0.73,119,163,344,7.08,360,3.09,12.8,12.1,46.4,92.6,86.5,57.3,4.8,91.6
2026-02-25,85.3,81.9,6.82,423,0.71,168,140,317,6.88,379,2.12,9.9,16.6,60.4,88.1,80.9,41.0,4.1,90.0
2026-02-26,77.8,75.5,7.15,378,0.77,141,140,347,7.21,350,2.48,6.5,12.2,40.0,91.3,88.5,46.8,2.5,94.7
2026-02-27,85.7,83.4,6.93,370,0.57,191,159,321,7.03,343,3.43,11.6,10.5,56.9,93.4,82.3,46.6,2.0,95.8
2026-02-28,87.8,85.5,7.03,370,0.54,163,182,300,7.1,340,2.32,12.1,17.5,59.4,90.4,80.2,44.2,1.7,96.2
2026-03-01,75.9,73.5,7.16,374,0.88,155,146,322,7.21,340,2.61,9.5,14.4,51.5,90.1,84.0,46.8,2.3,95.1
2026-03-02,85.9,82.2,7.09,374,0.71,156,175,378,7.09,340,2.21,14.0,13.0,53.6,92.6,85.8,52.3,4.3,91.7
2026-03-03,89.5,86.3,7.04,413,0.88,156,140,348,7.18,372,2.16,11.2,14.8,62.3,89.4,82.1,60.4,4.1,93.3
2026-03-04,79.3,77.5,6.97,370,0.94,138,153,357,7.15,340,3.32,10.9,13.7,47.7,91.0,86.6,48.6,5.1,89.5
2026-03-05,91.4,88.6,6.64,398,0.95,121,140,327,6.81,359,2.77,7.5,12.8,48.5,90.9,85.2,47.6,3.1,93.5
2026-03-06,86.1,83.4,7.15,374,0.53,141,157,300,7.25,340,2.75,10.7,9.6,49.3,93.9,83.6,45.9,4.1,91.1
2026-03-07,81.4,78.3,7.01,370,0.67,149,145,300,6.97,340,2.02,9.8,12.3,62.3,91.5,79.2,56.0,2.3,95.9
2026-03-08,84.1,81.1,7.26,374,0.85,139,140,316,7.21,341,2.84,10.5,14.6,63.3,89.6,80.0,52.2,5.9,88.7
2026-03-09,86.7,84.8,7.11,395,0.85,129,140,300,7.13,346,3.16,7.7,12.7,42.3,90.9,85.9,47.2,2.5,94.7
2026-03-10,84.7,82.3,6.97,414,1.11,138,140,307,7.03,374,3.16,9.6,15.3,61.0,89.1,80.1,40.7,2.5,94.0
2026-03-11,86.7,84.5,7.2,377,0.63,166,140,306,7.25,340,2.97,7.4,14.0,59.6,90.0,80.5,38.2,4.9,87.2
2026-03-12,80.6,77.9,7.21,370,0.95,161,162,307,7.28,340,2.25,4.4,10.7,65.3,93.4,78.7,49.9,2.1,95.7
2026-03-13,85.2,82.7,7.02,418,0.83,152,147,386,7.0,365,2.83,11.6,9.6,56.2,93.5,85.4,50.4,3.3,93.5
2026-03-14,78.5,75.5,7.22,370,0.52,159,157,327,7.37,340,2.97,5.8,12.6,52.9,92.0,83.8,43.2,1.9,95.6
2026-03-15,84.0,81.7,6.97,395,0.69,131,191,367,7.12,350,1.98,9.5,11.6,62.1,93.9,83.1,63.8,3.5,94.6
2026-03-16,80.7,78.0,7.07,386,0.81,137,147,337,7.05,347,2.25,10.1,13.9,58.7,90.5,82.6,49.2,4.2,91.5
2026-03-17,81.5,78.7,7.13,382,0.51,154,166,387,7.08,350,3.06,10.1,11.1,70.7,93.3,81.7,51.5,2.6,95.0
2026-03-18,89.8,87.2,7.16,372,0.46,133,154,372,7.21,340,3.05,8.6,11.4,60.7,92.6,83.7,43.0,4.1,90.5
2026-03-19,89.2,87.3,7.14,408,0.51,151,212,308,7.27,357,2.08,9.9,15.7,54.4,92.6,82.3,47.8,4.9,89.8
2026-03-20,87.2,83.4,7.0,370,0.81,129,140,410,7.06,340,3.02,10.4,13.4,44.0,90.4,89.3,36.4,2.3,93.7
2026-03-21,80.1,78.1,7.2,426,0.7,123,140,314,7.28,395,2.74,11.0,11.2,48.7,92.0,84.5,41.8,2.9,93.0
2026-03-22,83.4,80.2,7.03,370,0.68,161,169,341,7.07,340,3.01,13.3,13.0,42.0,92.3,87.7,50.7,3.3,93.5
2026-03-23,89.8,86.8,6.97,404,0.68,166,140,349,7.04,372,2.45,9.8,16.6,51.5,88.1,85.2,49.2,1.8,96.4
2026-03-24,85.4,81.6,6.97,403,0.56,139,168,354,7.09,367,2.96,9.4,13.8,60.4,91.8,82.9,47.4,2.7,94.2
2026-03-25,94.6,91.0,7.32,433,0.7,125,155,367,7.4,396,3.04,7.2,14.5,53.2,90.6,85.5,47.1,4.6,90.3
2026-03-26,86.5,83.7,6.95,399,0.5,114,175,305,7.04,353,2.56,10.3,11.0,61.2,93.7,79.9,51.3,2.6,94.9
2026-03-27,85.7,82.0,7.23,370,0.95,179,140,365,7.19,340,2.71,10.8,15.7,55.8,88.8,84.7,46.6,4.9,89.5
2026-03-28,83.6,80.9,6.89,370,1.02,151,161,360,7.08,342,2.44,8.9,19.0,50.1,88.2,86.1,39.4,1.3,96.7
2026-03-29,85.5,83.7,7.12,384,0.42,140,168,338,7.08,342,3.36,10.6,10.9,53.9,93.5,84.1,40.0,1.5,96.1
2026-03-30,84.4,80.8,7.09,370,0.7,144,161,331,7.16,340,2.65,8.6,9.9,56.9,93.9,82.8,41.6,2.4,94.3
2026-03-31,88.1,85.8,7.28,376,0.71,119,162,307,7.33,340,2.33,10.8,13.5,54.3,91.7,82.3,53.1,1.2,97.6
2026-04-01,89.1,86.0,6.96,388,0.74,159,185,359,7.01,340,2.41,11.4,15.3,54.4,91.7,84.8,51.4,2.9,94.3
2026-04-02,81.9,79.5,6.92,376,0.92,182,140,314,7.03,345,2.75,11.4,12.8,47.2,90.9,85.0,51.4,6.3,87.7
2026-04-03,79.6,76.6,7.03,400,0.7,137,163,351,7.05,363,3.0,9.6,10.3,49.8,93.7,85.8,48.6,2.5,94.9
2026-04-04,77.6,74.4,7.28,392,0.76,188,140,339,7.32,361,2.17,6.9,12.7,70.8,90.9,79.1,57.0,2.2,96.2
2026-04-05,87.5,83.9,6.93,390,1.22,148,178,300,6.92,357,3.44,7.9,14.6,62.8,91.8,79.1,48.6,5.8,88.1
2026-04-06,80.8,77.3,6.69,370,0.75,176,145,307,6.81,340,2.82,10.7,11.9,41.7,91.8,86.4,38.6,3.4,91.2
2026-04-07,76.4,73.3,7.06,370,1.03,154,140,362,7.13,340,2.89,14.9,14.6,34.7,89.6,90.4,47.1,5.2,89.0
2026-04-08,87.1,84.7,7.18,424,0.85,154,180,325,7.28,388,2.66,8.5,16.0,53.8,91.1,83.4,43.4,3.9,91.0
2026-04-09,96.0,93.8,6.91,430,0.69,179,159,325,7.02,384,2.71,10.3,13.6,60.2,91.4,81.5,35.6,2.2,93.8
2026-04-10,85.6,83.5,7.17,370,0.66,162,172,318,7.35,343,2.64,8.0,12.9,49.1,92.5,84.6,40.3,1.7,95.9
2026-04-11,89.2,86.7,6.9,380,0.77,155,196,320,7.07,347,3.11,7.1,15.2,61.2,92.2,80.9,53.5,1.6,97.1
2026-04-12,86.1,82.4,7.03,442,0.6,118,174,416,7.11,384,2.7,7.7,10.8,53.7,93.8,87.1,52.0,5.7,89.0
2026-04-13,85.4,82.2,7.16,385,0.64,125,171,307,7.22,355,3.01,4.5,10.5,51.9,93.9,83.1,49.4,3.0,93.8
2026-04-14,89.7,86.4,6.88,406,0.71,157,167,411,6.91,355,2.53,12.4,12.3,59.1,92.6,85.6,60.0,5.7,90.5
2026-04-15,84.7,81.4,7.08,457,0.81,173,144,340,7.18,401,2.78,4.2,11.7,49.1,91.9,85.6,53.2,3.3,93.8
2026-04-16,87.1,84.3,7.22,400,1.04,152,165,329,7.32,365,2.38,8.7,10.9,51.0,93.4,84.5,36.6,1.5,96.0
2026-04-17,87.4,84.7,7.12,397,0.7,140,211,371,7.13,365,3.19,6.6,17.8,58.4,91.6,84.3,36.9,3.1,91.5
2026-04-18,83.3,80.3,6.95,409,0.84,120,163,359,7.05,368,2.37,7.3,18.6,53.0,88.6,85.2,49.0,5.6,88.6
2026-04-19,90.4,87.1,7.26,474,0.53,137,168,350,7.38,420,2.57,12.5,12.1,68.1,92.8,80.5,42.8,4.6,89.2
2026-04-20,85.5,83.5,7.14,431,0.93,152,199,368,7.13,384,2.57,9.8,13.2,58.6,93.4,84.1,43.6,4.5,89.6
2026-04-21,83.2,81.1,6.79,418,0.51,136,141,362,6.86,372,2.56,7.1,12.5,58.1,91.1,84.0,49.8,5.9,88.2
2026-04-22,88.7,85.4,7.17,402,0.89,134,187,353,7.23,357,2.99,7.9,15.9,52.8,91.5,85.0,46.2,4.2,91.0
2026-04-23,82.7,80.9,6.97,437,0.76,149,141,400,7.03,386,2.57,7.5,16.4,60.0,88.4,85.0,37.5,1.8,95.3
2026-04-24,86.7,84.9,7.08,442,0.75,173,184,306,7.08,400,3.26,9.2,8.4,50.7,95.4,83.4,46.5,3.8,91.9
2026-04-25,86.6,83.4,7.19,388,0.72,160,176,329,7.14,358,2.37,9.7,14.2,55.4,91.9,83.2,33.8,2.9,91.4
2026-04-26,91.3,88.0,6.97,446,0.57,154,190,335,6.99,396,2.77,13.7,9.6,46.1,94.9,86.2,33.8,2.9,91.3
2026-04-27,88.8,85.9,6.82,420,0.58,153,157,326,6.83,370,2.39,4.9,17.6,61.3,88.8,81.2,40.3,3.5,91.2
2026-04-28,86.8,84.9,7.26,427,0.9,158,168,373,7.34,392,2.87,9.2,14.1,55.5,91.6,85.1,41.0,2.0,95.1
2026-04-29,90.4,88.3,7.21,399,0.77,148,194,391,7.3,364,2.69,8.6,10.9,68.7,94.4,82.4,41.8,4.7,88.7
2026-04-30,92.9,88.9,7.04,416,0.72,143,170,300,7.12,385,2.64,11.5,12.4,71.9,92.7,76.0,53.2,4.6,91.3
2026-05-01,89.5,86.3,7.17,397,0.84,161,198,354,7.15,349,3.18,10.1,12.2,59.2,93.8,83.3,52.4,5.8,88.9
2026-05-02,87.2,84.5,7.0,397,0.79,146,187,362,6.99,348,2.44,10.7,14.4,53.7,92.3,85.2,57.5,5.2,90.9
2026-05-03,81.8,79.1,7.06,445,0.65,130,174,365,7.09,401,2.93,10.1,15.7,45.8,91.0,87.5,51.2,5.9,88.5
2026-05-04,82.9,79.6,7.03,423,1.14,173,178,326,7.09,383,2.39,7.2,10.0,60.3,94.4,81.5,40.2,1.2,97.0
2026-05-05,86.2,84.1,7.0,394,0.88,120,186,366,7.04,354,2.75,12.1,17.8,54.8,90.4,85.0,47.8,3.5,92.6
2026-05-06,85.0,82.6,7.1,507,0.79,174,182,344,7.18,459,2.22,11.1,17.2,57.4,90.5,83.3,33.2,2.9,91.2
2026-05-07,86.8,84.8,6.88,403,0.69,158,203,368,7.0,354,2.43,11.4,10.7,66.7,94.7,81.9,50.2,3.5,93.1
2026-05-08,87.9,85.9,7.01,475,0.91,134,181,314,7.01,426,2.67,12.2,13.2,46.8,92.7,85.1,46.0,2.6,94.4
2026-05-09,90.0,87.7,7.09,394,0.65,150,177,372,7.1,358,3.43,10.3,17.4,46.0,90.2,87.6,48.4,4.7,90.4
2026-05-10,87.6,84.6,7.31,458,0.64,143,209,357,7.38,410,2.74,12.7,16.2,51.4,92.2,85.6,47.5,1.9,95.9
2026-05-11,90.0,87.3,6.89,437,1.02,162,182,377,6.94,398,3.36,10.2,12.1,59.6,93.4,84.2,46.1,4.5,90.2
2026-05-12,88.3,84.7,7.12,426,0.77,162,181,401,7.23,382,2.79,8.8,15.1,57.5,91.7,85.7,34.3,1.4,96.0
2026-05-13,79.9,77.6,7.14,454,0.66,157,141,389,7.2,404,2.55,9.3,20.8,46.2,85.2,88.1,43.8,2.2,95.0
2026-05-14,84.3,80.9,6.79,451,0.77,161,172,424,6.95,400,3.32,9.2,13.3,59.1,92.3,86.1,43.6,2.1,95.2
2026-05-15,87.7,85.3,7.11,425,0.9,148,178,379,7.07,380,2.87,8.1,11.4,43.8,93.6,88.4,38.2,4.0,89.4
2026-05-16,83.3,80.1,7.17,425,0.86,178,185,420,7.28,370,2.44,13.1,13.4,46.7,92.8,88.9,36.1,2.5,93.0
2026-05-17,91.0,87.2,7.13,403,0.92,169,182,442,7.2,366,2.89,10.0,13.6,52.3,92.5,88.2,64.8,3.8,94.1
2026-05-18,95.0,91.1,7.04,465,0.58,142,219,409,7.01,428,2.58,9.5,11.6,48.9,94.7,88.0,44.0,2.5,94.3
2026-05-19,93.8,89.6,7.1,416,0.91,162,183,399,7.03,370,1.9,10.2,14.1,60.1,92.3,84.9,53.9,6.0,88.9
2026-05-20,87.9,85.5,7.07,458,0.74,161,186,418,7.07,399,3.07,16.2,9.7,55.4,94.8,86.7,47.1,2.9,93.9
2026-05-21,95.1,92.6,6.81,479,0.78,145,205,415,6.95,445,3.14,6.7,11.3,67.0,94.5,83.9,34.9,1.6,95.3
2026-05-22,89.6,86.7,7.08,468,0.95,144,179,444,7.2,414,3.44,7.4,15.0,51.3,91.6,88.4,44.5,4.9,88.9
2026-05-23,87.6,84.0,7.0,440,0.88,169,236,437,7.05,386,2.87,6.1,8.4,52.2,96.4,88.1,42.6,4.5,89.5
2026-05-24,86.6,82.9,6.95,493,0.82,149,221,439,6.99,439,2.6,8.8,15.3,62.6,93.1,85.7,37.5,3.1,91.7
2026-05-25,88.0,84.1,7.4,453,0.47,154,181,411,7.4,414,3.03,9.9,7.8,52.5,95.7,87.2,46.4,5.7,87.8
2026-05-26,87.7,84.1,7.23,425,0.76,172,228,424,7.27,377,3.04,8.2,8.5,64.9,96.3,84.7,43.0,1.7,96.0
2026-05-27,90.1,88.1,6.89,460,0.65,190,233,425,6.92,416,3.36,8.1,11.7,57.4,95.0,86.5,45.4,1.7,96.3
2026-05-28,90.2,86.7,7.1,489,0.88,141,184,365,7.26,437,2.68,9.6,13.7,34.8,92.6,90.5,53.7,4.0,92.6
2026-05-29,89.6,86.4,7.25,450,0.92,146,185,458,7.24,394,2.63,8.1,16.4,62.4,91.1,86.4,35.8,1.9,94.6
2026-05-30,91.5,87.7,6.84,502,0.72,151,198,350,6.92,446,2.41,10.0,13.1,60.3,93.4,82.8,43.6,2.5,94.3
2026-05-31,94.8,91.1,7.06,450,0.67,151,182,447,7.23,411,2.91,11.9,12.4,60.6,93.2,86.4,44.9,5.0,88.8
2026-06-01,93.9,90.9,7.07,456,1.0,156,196,430,7.17,413,2.08,10.9,14.5,38.3,92.6,91.1,49.2,4.5,90.8
2026-06-02,83.7,81.2,6.87,445,0.68,142,205,410,6.86,390,3.01,11.3,10.7,48.0,94.8,88.3,56.9,6.2,89.1
2026-06-03,79.3,76.3,7.1,502,0.59,129,225,438,7.07,441,2.94,11.8,13.4,48.6,94.0,88.9,48.7,3.3,93.1
2026-06-04,94.1,90.0,7.21,480,0.65,178,217,441,7.28,436,2.93,10.0,9.9,46.6,95.4,89.4,52.1,3.6,93.2
2026-06-05,84.5,81.5,7.26,451,0.69,159,214,373,7.33,414,2.76,8.9,13.2,66.8,93.8,82.1,65.0,2.2,96.6
2026-06-06,89.4,85.9,7.02,472,0.64,143,208,484,7.15,420,3.31,7.5,12.7,53.1,93.9,89.0,53.5,1.7,96.8
2026-06-07,85.5,82.1,7.4,388,0.9,156,191,432,7.4,351,3.05,8.4,10.9,52.9,94.3,87.8,49.1,4.3,91.2
2026-06-08,83.0,81.2,6.76,512,0.44,179,232,520,6.8,450,2.46,8.1,13.4,57.5,94.2,88.9,47.0,1.5,96.9
2026-06-09,92.9,90.1,7.1,483,0.64,137,233,464,7.13,429,2.46,11.0,13.4,57.6,94.2,87.6,60.9,4.7,92.2
2026-06-10,93.9,91.0,6.85,413,0.76,153,209,435,6.83,359,2.35,10.1,16.1,33.0,92.3,92.4,65.0,5.7,91.2
2026-06-11,88.4,85.3,7.06,445,0.8,127,200,407,7.13,407,2.92,10.9,8.8,48.2,95.6,88.2,49.5,5.8,88.3
2026-06-12,80.0,77.3,6.98,480,1.02,148,256,432,6.95,429,2.3,6.6,12.8,42.2,95.0,90.2,60.4,4.7,92.2
2026-06-13,88.7,85.9,7.12,453,1.0,159,230,444,7.24,416,3.13,12.6,11.0,56.3,95.2,87.3,59.3,4.0,93.3
2026-06-14,92.7,90.2,7.03,522,0.53,132,234,498,7.13,476,3.23,8.3,15.3,50.9,93.5,89.8,50.5,1.7,96.6
2026-06-15,85.0,82.6,6.93,511,0.48,147,236,490,7.03,469,2.35,6.8,15.0,53.3,93.6,89.1,47.4,3.1,93.4
2026-06-16,92.0,88.3,6.94,511,0.77,162,203,461,6.92,453,2.63,8.3,14.3,37.0,93.0,92.0,51.6,6.0,88.4
2026-06-17,91.3,88.3,7.32,418,0.67,159,260,515,7.37,368,2.71,15.0,11.2,50.8,95.7,90.1,64.6,7.9,87.8
2026-06-18,93.9,90.6,7.11,486,0.59,131,221,365,7.15,451,3.05,8.4,15.3,61.9,93.1,83.0,52.0,5.6,89.2
2026-06-19,92.0,89.9,6.81,482,0.77,155,248,465,6.88,440,3.34,8.6,9.0,64.2,96.4,86.2,71.7,3.6,95.0
2026-06-20,87.5,85.0,7.13,475,0.8,158,262,499,7.22,437,2.03,8.9,8.5,58.8,96.8,88.2,41.4,4.6,88.8
2026-06-21,96.7,93.7,7.02,493,0.64,151,234,472,7.05,429,2.57,9.0,9.7,42.8,95.9,90.9,58.0,5.4,90.6
2026-06-22,91.1,87.3,7.05,472,0.68,167,209,398,7.08,420,2.59,7.5,12.9,63.0,93.8,84.2,48.4,2.4,95.1
2026-06-23,91.7,89.0,7.16,517,0.66,140,182,508,7.27,472,2.14,9.6,14.8,58.8,91.9,88.4,65.9,3.9,94.2
2026-06-24,88.0,84.3,7.22,536,0.71,156,235,485,7.21,468,2.51,11.8,5.3,52.3,97.7,89.2,56.9,3.2,94.4
2026-06-25,90.2,86.9,6.93,534,0.85,131,242,469,6.94,482,2.87,10.0,16.4,37.4,93.2,92.0,47.0,4.7,89.9
2026-06-26,88.4,84.7,7.05,509,0.61,124,225,460,7.11,455,2.59,6.7,13.3,60.6,94.1,86.8,55.8,3.0,94.6
2026-06-27,91.5,88.9,6.97,579,0.67,162,241,520,7.09,504,2.08,8.5,8.9,48.6,96.3,90.7,56.3,5.3,90.6
2026-06-28,99.5,95.5,7.13,553,0.71,150,248,477,7.14,488,3.7,8.0,13.3,55.9,94.6,88.3,51.3,5.9,88.5
2026-06-29,86.6,83.5,7.02,515,0.77,142,261,451,7.18,456,2.81,9.4,15.8,53.7,93.9,88.1,55.4,3.6,93.6
2026-06-30,85.7,83.7,7.05,504,0.81,132,236,430,7.03,441,2.74,12.4,14.6,65.2,93.8,84.8,50.2,4.8,90.4
2026-07-01,98.7,94.8,7.01,563,1.08,163,241,494,7.17,511,2.26,9.0,15.9,52.2,93.4,89.4,48.7,3.4,93.1
2026-07-02,91.7,88.8,7.04,554,0.86,125,239,504,7.17,490,2.8,9.1,9.4,53.1,96.1,89.5,56.2,5.1,90.9
2026-07-03,89.9,86.8,7.29,478,0.86,165,244,468,7.26,423,2.63,13.4,11.9,65.5,95.1,86.0,50.8,2.3,95.5
2026-07-04,97.1,92.8,7.38,559,0.73,157,234,445,7.35,516,1.94,11.3,10.6,48.1,95.5,89.2,51.2,1.8,96.4
2026-07-05,90.3,88.0,7.1,521,0.62,126,234,520,7.21,467,2.27,10.6,17.5,59.6,92.5,88.5,67.2,2.2,96.7
2026-07-06,100.6,96.2,7.04,499,0.69,152,237,435,7.07,445,3.02,13.8,14.7,51.7,93.8,88.1,60.1,5.2,91.4
2026-07-07,95.8,92.6,6.83,465,0.66,192,250,520,6.83,424,3.48,10.4,20.4,45.4,91.8,91.3,61.5,7.6,87.6
2026-07-08,91.0,88.2,6.94,521,0.83,169,230,443,7.11,481,2.85,4.7,11.8,53.2,94.9,88.0,39.2,1.6,95.9
2026-07-09,102.2,99.2,7.03,530,0.52,136,239,423,7.02,461,3.14,11.2,11.1,58.6,95.4,86.1,51.4,4.7,90.9
2026-07-10,90.6,88.1,6.95,580,0.86,161,287,429,6.97,520,2.64,5.6,12.6,63.8,95.6,85.1,36.8,3.5,90.5
2026-07-11,96.4,92.7,6.96,564,0.75,127,269,432,6.99,511,2.67,10.3,16.6,64.7,93.8,85.0,50.5,3.9,92.3
2026-07-12,94.6,90.4,7.27,516,0.88,128,231,468,7.16,458,3.14,5.4,12.0,50.9,94.8,89.1,46.6,4.9,89.6
2026-07-13,98.9,96.2,7.05,548,0.66,148,270,460,7.12,502,3.37,8.2,13.3,45.5,95.1,90.1,53.3,2.1,96.0
2026-07-14,100.0,96.9,7.07,563,0.63,158,266,520,7.07,520,3.22,8.5,13.3,50.7,95.0,90.2,56.2,5.6,90.0
2026-07-15,93.7,91.4,6.96,540,0.71,162,251,516,7.06,500,2.27,7.5,13.1,44.0,94.8,91.5,56.5,6.5,88.5
2026-07-16,90.4,88.2,7.21,520,0.71,163,239,473,7.33,460,2.67,8.5,11.3,51.5,95.3,89.1,58.4,3.4,94.3
2026-07-17,95.6,93.3,7.02,523,0.89,157,237,520,7.09,462,2.81,11.7,12.6,50.5,94.7,90.3,60.3,6.7,88.8
2026-07-18,90.9,87.9,6.98,553,0.89,124,260,474,7.05,512,2.6,7.7,12.5,58.9,95.2,87.6,55.6,5.7,89.8
2026-07-19,102.2,98.5,6.83,555,1.06,149,238,481,6.9,498,2.86,10.6,13.0,36.0,94.5,92.5,44.8,4.4,90.3
2026-07-20,94.4,92.0,7.04,533,0.7,165,280,435,7.06,470,3.03,7.1,15.5,47.5,94.5,89.1,45.3,3.7,91.9
2026-07-21,92.4,89.3,6.97,460,0.3,157,286,484,7.0,419,3.1,8.9,17.6,47.5,93.8,90.2,47.4,5.0,89.4
2026-07-22,94.7,90.9,7.29,503,0.71,152,257,500,7.4,446,3.37,10.0,10.8,62.5,95.8,87.5,46.7,1.9,96.0
2026-07-23,88.4,86.3,7.31,565,0.8,155,282,441,7.4,500,2.57,7.0,12.0,44.5,95.7,89.9,59.6,3.4,94.3
2026-07-24,90.0,87.9,6.88,478,0.88,155,251,470,6.95,441,2.15,6.3,10.9,55.0,95.7,88.3,77.9,9.2,88.2
2026-07-25,99.2,95.9,6.89,580,0.82,118,245,504,6.99,510,2.84,10.4,13.5,52.2,94.5,89.6,72.8,2.3,96.8
2026-07-26,91.4,87.5,7.01,580,0.7,168,283,470,7.07,506,3.45,11.9,11.6,61.3,95.9,87.0,61.2,3.4,94.5
2026-07-27,89.8,86.7,6.94,550,1.03,148,290,463,7.01,487,2.51,9.1,13.6,57.8,95.3,87.5,52.7,3.1,94.1
2026-07-28,96.5,94.1,7.08,569,0.61,161,290,520,7.18,515,2.97,8.2,15.9,54.1,94.5,89.6,59.8,3.2,94.6
2026-07-29,99.3,97.1,7.0,568,0.73,113,269,443,6.94,498,2.98,9.7,6.4,48.9,97.6,89.0,58.4,6.0,89.8
2026-07-30,97.4,93.5,7.09,548,0.61,176,281,451,7.2,492,2.78,9.4,14.3,38.8,94.9,91.4,77.2,3.9,94.9
2026-07-31,98.6,94.3,7.19,508,0.77,131,270,502,7.3,461,2.7,9.9,11.8,55.1,95.6,89.0,59.7,5.0,91.6
2026-08-01,91.3,89.2,6.9,580,1.01,190,290,520,6.91,520,2.33,4.0,14.2,57.3,95.1,89.0,46.1,1.8,96.0
2026-08-02,88.5,85.4,7.19,580,0.75,183,273,509,7.32,512,1.79,6.8,10.7,40.9,96.1,92.0,50.9,4.1,92.0
2026-08-03,100.8,97.7,6.95,516,0.75,128,281,489,6.87,474,2.26,7.4,16.1,43.6,94.3,91.1,47.2,5.6,88.1
2026-08-04,93.2,91.3,7.35,510,0.52,163,241,486,7.4,450,2.54,9.6,15.4,55.2,93.6,88.6,49.1,2.4,95.2
2026-08-05,93.6,89.5,7.28,551,0.73,133,260,520,7.34,501,3.14,9.7,14.5,55.8,94.4,89.3,48.0,4.2,91.2
2026-08-06,100.2,97.3,7.03,536,0.94,139,283,520,7.08,480,2.66,10.8,15.1,45.5,94.7,91.2,47.6,3.6,92.4
2026-08-07,97.0,92.8,6.92,562,0.73,140,281,502,6.98,492,2.49,9.9,11.1,48.7,96.0,90.3,48.0,5.5,88.5
2026-08-08,96.6,93.2,6.89,580,0.72,157,285,489,6.98,520,2.34,6.3,11.4,38.9,96.0,92.0,45.9,3.8,91.8
2026-08-09,103.9,101.3,7.17,486,0.94,155,269,502,7.12,429,2.96,12.6,15.0,63.9,94.4,87.3,55.2,3.5,93.7
2026-08-10,92.1,88.9,7.05,580,0.72,130,254,473,7.17,510,3.24,12.2,11.0,43.1,95.7,90.9,59.7,6.5,89.1
2026-08-11,98.7,96.7,7.18,546,0.96,157,266,496,7.22,486,3.13,6.4,16.8,57.4,93.7,88.4,59.0,3.4,94.2
2026-08-12,95.1,92.1,7.36,576,0.58,146,269,483,7.4,520,2.94,10.1,12.2,52.9,95.5,89.0,53.3,2.2,95.9
2026-08-13,96.0,92.5,6.94,580,0.87,120,273,499,7.04,512,2.11,7.9,14.3,63.3,94.8,87.3,53.6,1.8,96.6
2026-08-14,101.3,97.3,6.88,580,1.02,143,248,485,6.91,510,2.56,9.6,18.5,47.0,92.5,90.3,52.0,4.4,91.5
2026-08-15,97.1,93.5,7.08,563,0.92,176,263,520,7.13,490,3.48,11.7,11.2,53.7,95.7,89.7,54.1,2.3,95.7
2026-08-16,97.2,93.7,7.21,571,0.49,143,267,520,7.27,512,3.15,14.2,13.2,40.0,95.1,92.3,52.2,2.2,95.8
2026-08-17,99.5,95.2,6.92,571,0.67,120,222,489,7.07,511,2.08,11.0,15.7,38.1,92.9,92.2,53.9,5.7,89.4
2026-08-18,93.4,90.1,7.05,542,0.73,163,287,472,7.05,479,2.68,10.0,15.5,57.9,94.6,87.7,51.7,5.9,88.6
2026-08-19,91.5,88.4,7.24,506,0.92,135,273,520,7.28,441,2.85,8.5,12.1,39.3,95.6,92.4,49.2,2.9,94.2
2026-08-20,90.6,88.2,6.82,523,0.57,153,275,513,6.8,468,2.4,9.7,11.7,51.4,95.7,90.0,61.8,6.9,88.9
2026-08-21,86.8,84.3,7.08,559,0.62,147,259,491,7.15,512,1.78,12.4,12.4,61.1,95.2,87.6,54.7,3.3,94.1
2026-08-22,103.7,100.8,6.97,538,0.53,178,282,520,7.0,491,2.74,9.2,16.8,59.0,94.0,88.7,59.5,5.9,90.1
2026-08-23,90.4,86.4,7.07,538,0.65,147,253,483,7.1,495,2.38,7.3,12.3,48.0,95.1,90.1,53.7,3.4,93.7
2026-08-24,94.1,90.4,7.15,580,0.58,131,256,426,7.3,504,2.39,5.6,13.2,40.8,94.8,90.4,58.7,3.5,94.0
2026-08-25,93.9,91.2,7.08,580,1.01,142,284,478,7.09,520,2.56,10.5,11.9,57.2,95.8,88.0,58.9,4.4,92.5
2026-08-26,96.4,93.2,6.91,555,0.67,130,278,520,6.96,494,2.65,9.9,14.8,63.7,94.7,87.8,53.2,6.4,88.0
2026-08-27,98.5,94.1,6.98,580,0.87,146,244,494,7.01,520,2.7,7.8,13.4,48.0,94.5,90.3,64.7,5.6,91.4
2026-08-28,98.7,96.2,7.25,550,0.77,178,290,486,7.29,486,2.35,11.7,10.4,46.9,96.4,90.3,46.8,3.4,92.7
2026-08-29,92.6,90.3,7.1,567,0.77,169,255,508,7.32,509,2.61,8.3,10.5,49.1,95.9,90.3,52.1,4.8,90.7
2026-08-30,94.4,91.4,7.17,578,0.68,182,268,520,7.12,515,2.0,9.0,7.8,57.7,97.1,88.9,45.2,1.4,96.8
2026-08-31,96.3,92.1,7.09,550,0.89,157,290,503,7.18,490,2.82,9.3,10.8,62.8,96.3,87.5,56.4,3.3,94.1
2026-09-01,94.0,91.6,7.16,541,0.79,152,227,520,7.37,498,1.6,8.5,15.1,43.5,93.3,91.6,76.4,3.1,95.9
2026-09-02,101.8,98.7,6.99,580,0.78,134,235,499,7.12,520,2.58,9.8,16.4,41.5,93.0,91.7,55.4,6.7,88.0
2026-09-03,97.1,94.7,6.94,580,0.68,154,280,520,7.01,520,3.07,11.9,14.8,71.5,94.7,86.2,55.6,6.6,88.2
2026-09-04,98.1,95.6,7.16,491,0.71,147,218,513,7.15,445,2.28,6.7,14.4,51.8,93.4,89.9,51.6,6.2,88.0
2026-09-05,97.8,95.4,7.21,542,0.86,162,227,490,7.35,486,2.99,10.4,12.7,55.2,94.4,88.7,50.8,2.4,95.2
2026-09-06,100.0,96.8,6.92,538,0.8,132,290,516,7.04,470,3.16,9.7,15.0,47.8,94.8,90.7,54.9,5.8,89.5
2026-09-07,95.8,91.8,6.97,543,0.79,150,261,484,6.94,504,1.6,9.7,13.7,57.0,94.8,88.2,53.8,5.0,90.6
2026-09-08,89.6,87.0,7.03,580,0.66,124,290,450,7.07,520,2.64,11.3,17.7,60.7,93.9,86.5,54.0,1.7,96.8
2026-09-09,96.7,93.8,7.28,563,1.06,155,248,504,7.26,513,1.6,9.4,12.7,55.5,94.9,89.0,50.8,5.8,88.6
2026-09-10,92.2,89.8,7.13,517,0.7,160,263,453,7.02,462,2.65,10.4,16.5,66.8,93.7,85.3,62.8,1.9,97.0
2026-09-11,92.7,89.0,6.86,549,0.77,124,280,520,6.85,495,2.7,10.9,15.3,50.7,94.5,90.2,55.9,1.9,96.7
2026-09-12,97.4,93.5,7.04,578,0.74,128,279,502,7.1,520,1.71,8.1,14.9,51.1,94.7,89.8,54.5,5.7,89.6
2026-09-13,100.1,97.8,7.02,554,1.06,129,263,520,7.11,487,3.47,10.0,7.8,55.0,97.0,89.4,50.4,3.3,93.5
2026-09-14,95.0,92.5,6.89,540,0.73,147,255,490,6.93,479,2.81,8.7,15.4,56.8,94.0,88.4,49.7,5.1,89.7
2026-09-15,96.2,94.0,7.04,570,0.71,127,273,502,7.18,501,2.36,9.0,12.7,55.0,95.3,89.0,63.1,7.4,88.2
2026-09-16,102.0,99.3,7.01,580,0.79,172,290,444,7.13,520,3.29,8.6,11.8,43.2,95.9,90.3,49.1,5.8,88.2
2026-09-17,95.8,92.9,7.0,574,0.67,156,283,458,7.05,501,1.98,10.4,9.1,55.6,96.8,87.9,47.3,5.4,88.6
2026-09-18,105.0,102.0,6.99,580,0.79,159,254,434,7.04,507,2.21,9.5,13.0,50.3,94.9,88.4,53.8,4.2,92.2
2026-09-19,97.1,94.9,7.26,539,1.13,124,246,520,7.34,478,1.78,10.2,13.1,48.7,94.7,90.6,59.9,3.4,94.3
2026-09-20,87.3,84.6,7.0,557,0.81,170,252,482,7.06,501,3.42,9.3,9.6,53.5,96.2,88.9,53.5,2.6,95.2
2026-09-21,97.8,95.0,7.06,556,0.81,160,239,520,7.03,497,2.83,5.6,9.2,45.7,96.2,91.2,49.8,2.8,94.4
2026-09-22,96.2,92.3,7.04,560,0.66,139,269,392,7.08,488,2.96,9.4,14.3,44.3,94.7,88.7,53.5,2.9,94.6
2026-09-23,100.0,96.7,6.98,570,1.03,125,282,520,7.08,520,2.82,9.4,15.3,33.0,94.6,93.7,69.6,3.2,95.4
2026-09-24,97.4,94.8,7.06,525,1.06,148,263,495,7.2,486,2.93,9.9,13.5,66.8,94.9,86.5,42.1,2.7,93.6
2026-09-25,93.9,90.3,7.06,575,0.9,142,290,511,7.18,509,2.73,7.9,16.0,57.5,94.5,88.7,53.6,5.1,90.6
